workload,mode,warmup,warmup_requests,evaluation_requests,capacity_fraction,capacity,algorithm,object_miss_ratio,byte_miss_ratio
wiki-CDN-window1,objects,cold,0,800000,0.001,519,fifo,0.96705125,0.96705125
wiki-CDN-window1,objects,cold,0,800000,0.001,519,lru,0.96401875,0.96401875
wiki-CDN-window1,objects,cold,0,800000,0.001,519,clock,0.962885,0.962885
wiki-CDN-window1,objects,cold,0,800000,0.001,519,sieve,0.94674625,0.94674625
wiki-CDN-window1,objects,cold,0,800000,0.005,2597,fifo,0.935885,0.935885
wiki-CDN-window1,objects,cold,0,800000,0.005,2597,lru,0.930985,0.930985
wiki-CDN-window1,objects,cold,0,800000,0.005,2597,clock,0.92866375,0.92866375
wiki-CDN-window1,objects,cold,0,800000,0.005,2597,sieve,0.900235,0.900235
wiki-CDN-window1,objects,cold,0,800000,0.01,5194,fifo,0.91106875,0.91106875
wiki-CDN-window1,objects,cold,0,800000,0.01,5194,lru,0.9034275,0.9034275
wiki-CDN-window1,objects,cold,0,800000,0.01,5194,clock,0.899815,0.899815
wiki-CDN-window1,objects,cold,0,800000,0.01,5194,sieve,0.86952125,0.86952125
wiki-CDN-window1,objects,cold,0,800000,0.02,10389,fifo,0.87653125,0.87653125
wiki-CDN-window1,objects,cold,0,800000,0.02,10389,lru,0.86533375,0.86533375
wiki-CDN-window1,objects,cold,0,800000,0.02,10389,clock,0.86011625,0.86011625
wiki-CDN-window1,objects,cold,0,800000,0.02,10389,sieve,0.8300525,0.8300525
wiki-CDN-window1,objects,cold,0,800000,0.05,25973,fifo,0.8157175,0.8157175
wiki-CDN-window1,objects,cold,0,800000,0.05,25973,lru,0.79737125,0.79737125
wiki-CDN-window1,objects,cold,0,800000,0.05,25973,clock,0.78995625,0.78995625
wiki-CDN-window1,objects,cold,0,800000,0.05,25973,sieve,0.76243625,0.76243625
wiki-CDN-window1,objects,cold,0,800000,0.1,51946,fifo,0.7569975,0.7569975
wiki-CDN-window1,objects,cold,0,800000,0.1,51946,lru,0.7324625,0.7324625
wiki-CDN-window1,objects,cold,0,800000,0.1,51946,clock,0.72342875,0.72342875
wiki-CDN-window1,objects,cold,0,800000,0.1,51946,sieve,0.69635875,0.69635875
wiki-CDN-window1,objects,cold,0,800000,0.2,103893,fifo,0.6860875,0.6860875
wiki-CDN-window1,objects,cold,0,800000,0.2,103893,lru,0.65475,0.65475
wiki-CDN-window1,objects,cold,0,800000,0.2,103893,clock,0.64594625,0.64594625
wiki-CDN-window1,objects,cold,0,800000,0.2,103893,sieve,0.62956625,0.62956625
wiki-CDN-window1,objects,cold,0,800000,0.4,207786,fifo,0.611765,0.611765
wiki-CDN-window1,objects,cold,0,800000,0.4,207786,lru,0.583355,0.583355
wiki-CDN-window1,objects,cold,0,800000,0.4,207786,clock,0.578355,0.578355
wiki-CDN-window1,objects,cold,0,800000,0.4,207786,sieve,0.575875,0.575875
wiki-CDN-window1,objects,warm10,100000,800000,0.001,519,fifo,0.96705,0.96705
wiki-CDN-window1,objects,warm10,100000,800000,0.001,519,lru,0.964015,0.964015
wiki-CDN-window1,objects,warm10,100000,800000,0.001,519,clock,0.9628775,0.9628775
wiki-CDN-window1,objects,warm10,100000,800000,0.001,519,sieve,0.94498125,0.94498125
wiki-CDN-window1,objects,warm10,100000,800000,0.005,2597,fifo,0.93584125,0.93584125
wiki-CDN-window1,objects,warm10,100000,800000,0.005,2597,lru,0.93092,0.93092
wiki-CDN-window1,objects,warm10,100000,800000,0.005,2597,clock,0.928585,0.928585
wiki-CDN-window1,objects,warm10,100000,800000,0.005,2597,sieve,0.89655125,0.89655125
wiki-CDN-window1,objects,warm10,100000,800000,0.01,5194,fifo,0.91095,0.91095
wiki-CDN-window1,objects,warm10,100000,800000,0.01,5194,lru,0.903255,0.903255
wiki-CDN-window1,objects,warm10,100000,800000,0.01,5194,clock,0.899615,0.899615
wiki-CDN-window1,objects,warm10,100000,800000,0.01,5194,sieve,0.8656075,0.8656075
wiki-CDN-window1,objects,warm10,100000,800000,0.02,10389,fifo,0.87611625,0.87611625
wiki-CDN-window1,objects,warm10,100000,800000,0.02,10389,lru,0.86475,0.86475
wiki-CDN-window1,objects,warm10,100000,800000,0.02,10389,clock,0.85940375,0.85940375
wiki-CDN-window1,objects,warm10,100000,800000,0.02,10389,sieve,0.82606375,0.82606375
wiki-CDN-window1,objects,warm10,100000,800000,0.05,25973,fifo,0.8141575,0.8141575
wiki-CDN-window1,objects,warm10,100000,800000,0.05,25973,lru,0.795135,0.795135
wiki-CDN-window1,objects,warm10,100000,800000,0.05,25973,clock,0.7871725,0.7871725
wiki-CDN-window1,objects,warm10,100000,800000,0.05,25973,sieve,0.75307125,0.75307125
wiki-CDN-window1,objects,warm10,100000,800000,0.1,51946,fifo,0.75292,0.75292
wiki-CDN-window1,objects,warm10,100000,800000,0.1,51946,lru,0.72648875,0.72648875
wiki-CDN-window1,objects,warm10,100000,800000,0.1,51946,clock,0.7163675,0.7163675
wiki-CDN-window1,objects,warm10,100000,800000,0.1,51946,sieve,0.684985,0.684985
wiki-CDN-window1,objects,warm10,100000,800000,0.2,103893,fifo,0.6748625,0.6748625
wiki-CDN-window1,objects,warm10,100000,800000,0.2,103893,lru,0.6392675,0.6392675
wiki-CDN-window1,objects,warm10,100000,800000,0.2,103893,clock,0.6289675,0.6289675
wiki-CDN-window1,objects,warm10,100000,800000,0.2,103893,sieve,0.60781,0.60781
wiki-CDN-window1,objects,warm10,100000,800000,0.4,207786,fifo,0.5901725,0.5901725
wiki-CDN-window1,objects,warm10,100000,800000,0.4,207786,lru,0.55553125,0.55553125
wiki-CDN-window1,objects,warm10,100000,800000,0.4,207786,clock,0.54864875,0.54864875
wiki-CDN-window1,objects,warm10,100000,800000,0.4,207786,sieve,0.54437375,0.54437375
wiki-CDN-window1,objects,warm20,200000,800000,0.001,519,fifo,0.96705,0.96705
wiki-CDN-window1,objects,warm20,200000,800000,0.001,519,lru,0.964015,0.964015
wiki-CDN-window1,objects,warm20,200000,800000,0.001,519,clock,0.9628775,0.9628775
wiki-CDN-window1,objects,warm20,200000,800000,0.001,519,sieve,0.9439875,0.9439875
wiki-CDN-window1,objects,warm20,200000,800000,0.005,2597,fifo,0.93584125,0.93584125
wiki-CDN-window1,objects,warm20,200000,800000,0.005,2597,lru,0.93092,0.93092
wiki-CDN-window1,objects,warm20,200000,800000,0.005,2597,clock,0.928585,0.928585
wiki-CDN-window1,objects,warm20,200000,800000,0.005,2597,sieve,0.8944725,0.8944725
wiki-CDN-window1,objects,warm20,200000,800000,0.01,5194,fifo,0.91095125,0.91095125
wiki-CDN-window1,objects,warm20,200000,800000,0.01,5194,lru,0.903255,0.903255
wiki-CDN-window1,objects,warm20,200000,800000,0.01,5194,clock,0.89961375,0.89961375
wiki-CDN-window1,objects,warm20,200000,800000,0.01,5194,sieve,0.8630025,0.8630025
wiki-CDN-window1,objects,warm20,200000,800000,0.02,10389,fifo,0.87612,0.87612
wiki-CDN-window1,objects,warm20,200000,800000,0.02,10389,lru,0.86475,0.86475
wiki-CDN-window1,objects,warm20,200000,800000,0.02,10389,clock,0.8594125,0.8594125
wiki-CDN-window1,objects,warm20,200000,800000,0.02,10389,sieve,0.82260125,0.82260125
wiki-CDN-window1,objects,warm20,200000,800000,0.05,25973,fifo,0.81416125,0.81416125
wiki-CDN-window1,objects,warm20,200000,800000,0.05,25973,lru,0.795135,0.795135
wiki-CDN-window1,objects,warm20,200000,800000,0.05,25973,clock,0.78722,0.78722
wiki-CDN-window1,objects,warm20,200000,800000,0.05,25973,sieve,0.75123875,0.75123875
wiki-CDN-window1,objects,warm20,200000,800000,0.1,51946,fifo,0.7529275,0.7529275
wiki-CDN-window1,objects,warm20,200000,800000,0.1,51946,lru,0.72648875,0.72648875
wiki-CDN-window1,objects,warm20,200000,800000,0.1,51946,clock,0.71629375,0.71629375
wiki-CDN-window1,objects,warm20,200000,800000,0.1,51946,sieve,0.6825625,0.6825625
wiki-CDN-window1,objects,warm20,200000,800000,0.2,103893,fifo,0.67588,0.67588
wiki-CDN-window1,objects,warm20,200000,800000,0.2,103893,lru,0.63826875,0.63826875
wiki-CDN-window1,objects,warm20,200000,800000,0.2,103893,clock,0.62663875,0.62663875
wiki-CDN-window1,objects,warm20,200000,800000,0.2,103893,sieve,0.6004125,0.6004125
wiki-CDN-window1,objects,warm20,200000,800000,0.4,207786,fifo,0.5838025,0.5838025
wiki-CDN-window1,objects,warm20,200000,800000,0.4,207786,lru,0.54394625,0.54394625
wiki-CDN-window1,objects,warm20,200000,800000,0.4,207786,clock,0.535615,0.535615
wiki-CDN-window1,objects,warm20,200000,800000,0.4,207786,sieve,0.52858,0.52858
wiki-CDN-window1,bytes,cold,0,800000,0.001,13749054,fifo,0.9699225,0.9709088123
wiki-CDN-window1,bytes,cold,0,800000,0.001,13749054,lru,0.96715,0.9686589281
wiki-CDN-window1,bytes,cold,0,800000,0.001,13749054,clock,0.96587875,0.967427438
wiki-CDN-window1,bytes,cold,0,800000,0.001,13749054,sieve,0.9504725,0.943442945
wiki-CDN-window1,bytes,cold,0,800000,0.005,68745274,fifo,0.94293125,0.9352113484
wiki-CDN-window1,bytes,cold,0,800000,0.005,68745274,lru,0.9387225,0.929637927
wiki-CDN-window1,bytes,cold,0,800000,0.005,68745274,clock,0.93688,0.9268588657
wiki-CDN-window1,bytes,cold,0,800000,0.005,68745274,sieve,0.91310875,0.8874315549
wiki-CDN-window1,bytes,cold,0,800000,0.01,137490548,fifo,0.9207825,0.9054094902
wiki-CDN-window1,bytes,cold,0,800000,0.01,137490548,lru,0.9148375,0.8969230649
wiki-CDN-window1,bytes,cold,0,800000,0.01,137490548,clock,0.91161375,0.8918319716
wiki-CDN-window1,bytes,cold,0,800000,0.01,137490548,sieve,0.8874925,0.8475088701
wiki-CDN-window1,bytes,cold,0,800000,0.02,274981097,fifo,0.8890525,0.8624163267
wiki-CDN-window1,bytes,cold,0,800000,0.02,274981097,lru,0.87999125,0.8487727023
wiki-CDN-window1,bytes,cold,0,800000,0.02,274981097,clock,0.87590625,0.842429743
wiki-CDN-window1,bytes,cold,0,800000,0.02,274981097,sieve,0.85280625,0.7963077433
wiki-CDN-window1,bytes,cold,0,800000,0.05,687452743,fifo,0.8307575,0.7827871436
wiki-CDN-window1,bytes,cold,0,800000,0.05,687452743,lru,0.81564375,0.7590548893
wiki-CDN-window1,bytes,cold,0,800000,0.05,687452743,clock,0.80956375,0.7490599924
wiki-CDN-window1,bytes,cold,0,800000,0.05,687452743,sieve,0.7885725,0.7059353618
wiki-CDN-window1,bytes,cold,0,800000,0.1,1374905486,fifo,0.77202375,0.7036326115
wiki-CDN-window1,bytes,cold,0,800000,0.1,1374905486,lru,0.75140625,0.6710627205
wiki-CDN-window1,bytes,cold,0,800000,0.1,1374905486,clock,0.74397375,0.6594379749
wiki-CDN-window1,bytes,cold,0,800000,0.1,1374905486,sieve,0.72433375,0.6242059642
wiki-CDN-window1,bytes,cold,0,800000,0.2,2749810972,fifo,0.69834125,0.6102003582
wiki-CDN-window1,bytes,cold,0,800000,0.2,2749810972,lru,0.6714525,0.5696030965
wiki-CDN-window1,bytes,cold,0,800000,0.2,2749810972,clock,0.66657625,0.5603848685
wiki-CDN-window1,bytes,cold,0,800000,0.2,2749810972,sieve,0.64983,0.5361633846
wiki-CDN-window1,bytes,cold,0,800000,0.4,5499621945,fifo,0.61933125,0.5158158056
wiki-CDN-window1,bytes,cold,0,800000,0.4,5499621945,lru,0.591955,0.4772514801
wiki-CDN-window1,bytes,cold,0,800000,0.4,5499621945,clock,0.58675875,0.470826674
wiki-CDN-window1,bytes,cold,0,800000,0.4,5499621945,sieve,0.58316375,0.4664079194
wiki-CDN-window1,bytes,warm10,100000,800000,0.001,13749054,fifo,0.96992125,0.9709058277
wiki-CDN-window1,bytes,warm10,100000,800000,0.001,13749054,lru,0.9671475,0.96865566
wiki-CDN-window1,bytes,warm10,100000,800000,0.001,13749054,clock,0.96587875,0.9674247371
wiki-CDN-window1,bytes,warm10,100000,800000,0.001,13749054,sieve,0.9499075,0.9415453882
wiki-CDN-window1,bytes,warm10,100000,800000,0.005,68745274,fifo,0.94289,0.9351618006
wiki-CDN-window1,bytes,warm10,100000,800000,0.005,68745274,lru,0.93867125,0.9295799713
wiki-CDN-window1,bytes,warm10,100000,800000,0.005,68745274,clock,0.936825,0.9267943612
wiki-CDN-window1,bytes,warm10,100000,800000,0.005,68745274,sieve,0.9106775,0.8835785991
wiki-CDN-window1,bytes,warm10,100000,800000,0.01,137490548,fifo,0.9206975,0.9052965322
wiki-CDN-window1,bytes,warm10,100000,800000,0.01,137490548,lru,0.91472,0.8967782997
wiki-CDN-window1,bytes,warm10,100000,800000,0.01,137490548,clock,0.9114575,0.8915909536
wiki-CDN-window1,bytes,warm10,100000,800000,0.01,137490548,sieve,0.88517375,0.8432105459
wiki-CDN-window1,bytes,warm10,100000,800000,0.02,274981097,fifo,0.88875375,0.8620213174
wiki-CDN-window1,bytes,warm10,100000,800000,0.02,274981097,lru,0.87957375,0.8482209032
wiki-CDN-window1,bytes,warm10,100000,800000,0.02,274981097,clock,0.87544875,0.8418137463
wiki-CDN-window1,bytes,warm10,100000,800000,0.02,274981097,sieve,0.850825,0.7895037748
wiki-CDN-window1,bytes,warm10,100000,800000,0.05,687452743,fifo,0.82948125,0.7811182392
wiki-CDN-window1,bytes,warm10,100000,800000,0.05,687452743,lru,0.813935,0.7567940808
wiki-CDN-window1,bytes,warm10,100000,800000,0.05,687452743,clock,0.80751,0.7462739763
wiki-CDN-window1,bytes,warm10,100000,800000,0.05,687452743,sieve,0.7837475,0.6966299687
wiki-CDN-window1,bytes,warm10,100000,800000,0.1,1374905486,fifo,0.76867625,0.6993688471
wiki-CDN-window1,bytes,warm10,100000,800000,0.1,1374905486,lru,0.74672875,0.6646763002
wiki-CDN-window1,bytes,warm10,100000,800000,0.1,1374905486,clock,0.73857375,0.6518536817
wiki-CDN-window1,bytes,warm10,100000,800000,0.1,1374905486,sieve,0.7159925,0.6103420611
wiki-CDN-window1,bytes,warm10,100000,800000,0.2,2749810972,fifo,0.688865,0.5988886877
wiki-CDN-window1,bytes,warm10,100000,800000,0.2,2749810972,lru,0.65864875,0.5529801756
wiki-CDN-window1,bytes,warm10,100000,800000,0.2,2749810972,clock,0.6524475,0.5417472107
wiki-CDN-window1,bytes,warm10,100000,800000,0.2,2749810972,sieve,0.63079875,0.5108826584
wiki-CDN-window1,bytes,warm10,100000,800000,0.4,5499621945,fifo,0.5979425,0.4907653402
wiki-CDN-window1,bytes,warm10,100000,800000,0.4,5499621945,lru,0.56598125,0.4456976156
wiki-CDN-window1,bytes,warm10,100000,800000,0.4,5499621945,clock,0.55939625,0.4375530612
wiki-CDN-window1,bytes,warm10,100000,800000,0.4,5499621945,sieve,0.55359625,0.4304682572
wiki-CDN-window1,bytes,warm20,200000,800000,0.001,13749054,fifo,0.96992125,0.9709058277
wiki-CDN-window1,bytes,warm20,200000,800000,0.001,13749054,lru,0.9671475,0.96865566
wiki-CDN-window1,bytes,warm20,200000,800000,0.001,13749054,clock,0.96587875,0.9674247371
wiki-CDN-window1,bytes,warm20,200000,800000,0.001,13749054,sieve,0.94931125,0.9420310672
wiki-CDN-window1,bytes,warm20,200000,800000,0.005,68745274,fifo,0.94289,0.9351618006
wiki-CDN-window1,bytes,warm20,200000,800000,0.005,68745274,lru,0.93867125,0.9295799713
wiki-CDN-window1,bytes,warm20,200000,800000,0.005,68745274,clock,0.936825,0.9267943612
wiki-CDN-window1,bytes,warm20,200000,800000,0.005,68745274,sieve,0.9086,0.8784486551
wiki-CDN-window1,bytes,warm20,200000,800000,0.01,137490548,fifo,0.92069625,0.9052957743
wiki-CDN-window1,bytes,warm20,200000,800000,0.01,137490548,lru,0.91472,0.8967782997
wiki-CDN-window1,bytes,warm20,200000,800000,0.01,137490548,clock,0.911455,0.8915815585
wiki-CDN-window1,bytes,warm20,200000,800000,0.01,137490548,sieve,0.8835325,0.8374810348
wiki-CDN-window1,bytes,warm20,200000,800000,0.02,274981097,fifo,0.88875375,0.8620141903
wiki-CDN-window1,bytes,warm20,200000,800000,0.02,274981097,lru,0.87957375,0.8482209032
wiki-CDN-window1,bytes,warm20,200000,800000,0.02,274981097,clock,0.87543875,0.8418031987
wiki-CDN-window1,bytes,warm20,200000,800000,0.02,274981097,sieve,0.84878,0.7857856057
wiki-CDN-window1,bytes,warm20,200000,800000,0.05,687452743,fifo,0.82949125,0.7811318412
wiki-CDN-window1,bytes,warm20,200000,800000,0.05,687452743,lru,0.813935,0.7567940808
wiki-CDN-window1,bytes,warm20,200000,800000,0.05,687452743,clock,0.8074975,0.7462413149
wiki-CDN-window1,bytes,warm20,200000,800000,0.05,687452743,sieve,0.7812475,0.6913724448
wiki-CDN-window1,bytes,warm20,200000,800000,0.1,1374905486,fifo,0.76870125,0.6994341009
wiki-CDN-window1,bytes,warm20,200000,800000,0.1,1374905486,lru,0.74672875,0.6646763002
wiki-CDN-window1,bytes,warm20,200000,800000,0.1,1374905486,clock,0.73857,0.6519038661
wiki-CDN-window1,bytes,warm20,200000,800000,0.1,1374905486,sieve,0.71278375,0.6046572479
wiki-CDN-window1,bytes,warm20,200000,800000,0.2,2749810972,fifo,0.6894625,0.5994705126
wiki-CDN-window1,bytes,warm20,200000,800000,0.2,2749810972,lru,0.65828875,0.5525616335
wiki-CDN-window1,bytes,warm20,200000,800000,0.2,2749810972,clock,0.65115375,0.5396797496
wiki-CDN-window1,bytes,warm20,200000,800000,0.2,2749810972,sieve,0.62573125,0.5033566017
wiki-CDN-window1,bytes,warm20,200000,800000,0.4,5499621945,fifo,0.59233625,0.48529918
wiki-CDN-window1,bytes,warm20,200000,800000,0.4,5499621945,lru,0.5561,0.4343526623
wiki-CDN-window1,bytes,warm20,200000,800000,0.4,5499621945,clock,0.54805875,0.4244985863
wiki-CDN-window1,bytes,warm20,200000,800000,0.4,5499621945,sieve,0.53955125,0.4139300419
wiki-CDN-window2,objects,cold,0,800000,0.001,520,fifo,0.97017375,0.97017375
wiki-CDN-window2,objects,cold,0,800000,0.001,520,lru,0.96697625,0.96697625
wiki-CDN-window2,objects,cold,0,800000,0.001,520,clock,0.96551125,0.96551125
wiki-CDN-window2,objects,cold,0,800000,0.001,520,sieve,0.9479625,0.9479625
wiki-CDN-window2,objects,cold,0,800000,0.005,2600,fifo,0.93860375,0.93860375
wiki-CDN-window2,objects,cold,0,800000,0.005,2600,lru,0.9334375,0.9334375
wiki-CDN-window2,objects,cold,0,800000,0.005,2600,clock,0.93113,0.93113
wiki-CDN-window2,objects,cold,0,800000,0.005,2600,sieve,0.90041125,0.90041125
wiki-CDN-window2,objects,cold,0,800000,0.01,5200,fifo,0.91371125,0.91371125
wiki-CDN-window2,objects,cold,0,800000,0.01,5200,lru,0.90623,0.90623
wiki-CDN-window2,objects,cold,0,800000,0.01,5200,clock,0.902335,0.902335
wiki-CDN-window2,objects,cold,0,800000,0.01,5200,sieve,0.87100625,0.87100625
wiki-CDN-window2,objects,cold,0,800000,0.02,10401,fifo,0.8799275,0.8799275
wiki-CDN-window2,objects,cold,0,800000,0.02,10401,lru,0.868455,0.868455
wiki-CDN-window2,objects,cold,0,800000,0.02,10401,clock,0.8631175,0.8631175
wiki-CDN-window2,objects,cold,0,800000,0.02,10401,sieve,0.8302025,0.8302025
wiki-CDN-window2,objects,cold,0,800000,0.05,26003,fifo,0.81910625,0.81910625
wiki-CDN-window2,objects,cold,0,800000,0.05,26003,lru,0.80095,0.80095
wiki-CDN-window2,objects,cold,0,800000,0.05,26003,clock,0.79325125,0.79325125
wiki-CDN-window2,objects,cold,0,800000,0.05,26003,sieve,0.7647,0.7647
wiki-CDN-window2,objects,cold,0,800000,0.1,52006,fifo,0.76062375,0.76062375
wiki-CDN-window2,objects,cold,0,800000,0.1,52006,lru,0.735855,0.735855
wiki-CDN-window2,objects,cold,0,800000,0.1,52006,clock,0.72687625,0.72687625
wiki-CDN-window2,objects,cold,0,800000,0.1,52006,sieve,0.69747125,0.69747125
wiki-CDN-window2,objects,cold,0,800000,0.2,104013,fifo,0.6899825,0.6899825
wiki-CDN-window2,objects,cold,0,800000,0.2,104013,lru,0.6590075,0.6590075
wiki-CDN-window2,objects,cold,0,800000,0.2,104013,clock,0.65016875,0.65016875
wiki-CDN-window2,objects,cold,0,800000,0.2,104013,sieve,0.6324475,0.6324475
wiki-CDN-window2,objects,cold,0,800000,0.4,208026,fifo,0.61659875,0.61659875
wiki-CDN-window2,objects,cold,0,800000,0.4,208026,lru,0.58843125,0.58843125
wiki-CDN-window2,objects,cold,0,800000,0.4,208026,clock,0.5827625,0.5827625
wiki-CDN-window2,objects,cold,0,800000,0.4,208026,sieve,0.58007375,0.58007375
wiki-CDN-window2,objects,warm10,100000,800000,0.001,520,fifo,0.9701725,0.9701725
wiki-CDN-window2,objects,warm10,100000,800000,0.001,520,lru,0.9669725,0.9669725
wiki-CDN-window2,objects,warm10,100000,800000,0.001,520,clock,0.9655075,0.9655075
wiki-CDN-window2,objects,warm10,100000,800000,0.001,520,sieve,0.94454,0.94454
wiki-CDN-window2,objects,warm10,100000,800000,0.005,2600,fifo,0.9385475,0.9385475
wiki-CDN-window2,objects,warm10,100000,800000,0.005,2600,lru,0.93336375,0.93336375
wiki-CDN-window2,objects,warm10,100000,800000,0.005,2600,clock,0.93104125,0.93104125
wiki-CDN-window2,objects,warm10,100000,800000,0.005,2600,sieve,0.89788,0.89788
wiki-CDN-window2,objects,warm10,100000,800000,0.01,5200,fifo,0.91355625,0.91355625
wiki-CDN-window2,objects,warm10,100000,800000,0.01,5200,lru,0.90601375,0.90601375
wiki-CDN-window2,objects,warm10,100000,800000,0.01,5200,clock,0.902085,0.902085
wiki-CDN-window2,objects,warm10,100000,800000,0.01,5200,sieve,0.86702375,0.86702375
wiki-CDN-window2,objects,warm10,100000,800000,0.02,10401,fifo,0.879445,0.879445
wiki-CDN-window2,objects,warm10,100000,800000,0.02,10401,lru,0.86780375,0.86780375
wiki-CDN-window2,objects,warm10,100000,800000,0.02,10401,clock,0.86236625,0.86236625
wiki-CDN-window2,objects,warm10,100000,800000,0.02,10401,sieve,0.82564375,0.82564375
wiki-CDN-window2,objects,warm10,100000,800000,0.05,26003,fifo,0.81744375,0.81744375
wiki-CDN-window2,objects,warm10,100000,800000,0.05,26003,lru,0.798545,0.798545
wiki-CDN-window2,objects,warm10,100000,800000,0.05,26003,clock,0.7903725,0.7903725
wiki-CDN-window2,objects,warm10,100000,800000,0.05,26003,sieve,0.755265,0.755265
wiki-CDN-window2,objects,warm10,100000,800000,0.1,52006,fifo,0.75634875,0.75634875
wiki-CDN-window2,objects,warm10,100000,800000,0.1,52006,lru,0.72949125,0.72949125
wiki-CDN-window2,objects,warm10,100000,800000,0.1,52006,clock,0.71928,0.71928
wiki-CDN-window2,objects,warm10,100000,800000,0.1,52006,sieve,0.6847525,0.6847525
wiki-CDN-window2,objects,warm10,100000,800000,0.2,104013,fifo,0.67818,0.67818
wiki-CDN-window2,objects,warm10,100000,800000,0.2,104013,lru,0.6425425,0.6425425
wiki-CDN-window2,objects,warm10,100000,800000,0.2,104013,clock,0.63213875,0.63213875
wiki-CDN-window2,objects,warm10,100000,800000,0.2,104013,sieve,0.6093475,0.6093475
wiki-CDN-window2,objects,warm10,100000,800000,0.4,208026,fifo,0.59410625,0.59410625
wiki-CDN-window2,objects,warm10,100000,800000,0.4,208026,lru,0.55954,0.55954
wiki-CDN-window2,objects,warm10,100000,800000,0.4,208026,clock,0.5522875,0.5522875
wiki-CDN-window2,objects,warm10,100000,800000,0.4,208026,sieve,0.5474725,0.5474725
wiki-CDN-window2,objects,warm20,200000,800000,0.001,520,fifo,0.9701725,0.9701725
wiki-CDN-window2,objects,warm20,200000,800000,0.001,520,lru,0.9669725,0.9669725
wiki-CDN-window2,objects,warm20,200000,800000,0.001,520,clock,0.9655075,0.9655075
wiki-CDN-window2,objects,warm20,200000,800000,0.001,520,sieve,0.942735,0.942735
wiki-CDN-window2,objects,warm20,200000,800000,0.005,2600,fifo,0.93854875,0.93854875
wiki-CDN-window2,objects,warm20,200000,800000,0.005,2600,lru,0.93336375,0.93336375
wiki-CDN-window2,objects,warm20,200000,800000,0.005,2600,clock,0.9310425,0.9310425
wiki-CDN-window2,objects,warm20,200000,800000,0.005,2600,sieve,0.895435,0.895435
wiki-CDN-window2,objects,warm20,200000,800000,0.01,5200,fifo,0.91355625,0.91355625
wiki-CDN-window2,objects,warm20,200000,800000,0.01,5200,lru,0.90601375,0.90601375
wiki-CDN-window2,objects,warm20,200000,800000,0.01,5200,clock,0.9020875,0.9020875
wiki-CDN-window2,objects,warm20,200000,800000,0.01,5200,sieve,0.86373875,0.86373875
wiki-CDN-window2,objects,warm20,200000,800000,0.02,10401,fifo,0.879445,0.879445
wiki-CDN-window2,objects,warm20,200000,800000,0.02,10401,lru,0.86780375,0.86780375
wiki-CDN-window2,objects,warm20,200000,800000,0.02,10401,clock,0.86236875,0.86236875
wiki-CDN-window2,objects,warm20,200000,800000,0.02,10401,sieve,0.82438375,0.82438375
wiki-CDN-window2,objects,warm20,200000,800000,0.05,26003,fifo,0.817435,0.817435
wiki-CDN-window2,objects,warm20,200000,800000,0.05,26003,lru,0.798545,0.798545
wiki-CDN-window2,objects,warm20,200000,800000,0.05,26003,clock,0.79037,0.79037
wiki-CDN-window2,objects,warm20,200000,800000,0.05,26003,sieve,0.75021875,0.75021875
wiki-CDN-window2,objects,warm20,200000,800000,0.1,52006,fifo,0.75634875,0.75634875
wiki-CDN-window2,objects,warm20,200000,800000,0.1,52006,lru,0.72949125,0.72949125
wiki-CDN-window2,objects,warm20,200000,800000,0.1,52006,clock,0.71913125,0.71913125
wiki-CDN-window2,objects,warm20,200000,800000,0.1,52006,sieve,0.6802275,0.6802275
wiki-CDN-window2,objects,warm20,200000,800000,0.2,104013,fifo,0.67924875,0.67924875
wiki-CDN-window2,objects,warm20,200000,800000,0.2,104013,lru,0.641455,0.641455
wiki-CDN-window2,objects,warm20,200000,800000,0.2,104013,clock,0.6294925,0.6294925
wiki-CDN-window2,objects,warm20,200000,800000,0.2,104013,sieve,0.6009975,0.6009975
wiki-CDN-window2,objects,warm20,200000,800000,0.4,208026,fifo,0.5873725,0.5873725
wiki-CDN-window2,objects,warm20,200000,800000,0.4,208026,lru,0.54731375,0.54731375
wiki-CDN-window2,objects,warm20,200000,800000,0.4,208026,clock,0.53835125,0.53835125
wiki-CDN-window2,objects,warm20,200000,800000,0.4,208026,sieve,0.530675,0.530675
wiki-CDN-window2,bytes,cold,0,800000,0.001,13869733,fifo,0.9730425,0.9725542648
wiki-CDN-window2,bytes,cold,0,800000,0.001,13869733,lru,0.970085,0.9699937563
wiki-CDN-window2,bytes,cold,0,800000,0.001,13869733,clock,0.9686725,0.9684817456
wiki-CDN-window2,bytes,cold,0,800000,0.001,13869733,sieve,0.950175,0.9396759075
wiki-CDN-window2,bytes,cold,0,800000,0.005,69348666,fifo,0.94521875,0.935923121
wiki-CDN-window2,bytes,cold,0,800000,0.005,69348666,lru,0.9407375,0.9298658204
wiki-CDN-window2,bytes,cold,0,800000,0.005,69348666,clock,0.93878375,0.9269366799
wiki-CDN-window2,bytes,cold,0,800000,0.005,69348666,sieve,0.9132375,0.8825237632
wiki-CDN-window2,bytes,cold,0,800000,0.01,138697332,fifo,0.9229,0.9054360351
wiki-CDN-window2,bytes,cold,0,800000,0.01,138697332,lru,0.91671,0.8965673435
wiki-CDN-window2,bytes,cold,0,800000,0.01,138697332,clock,0.9137125,0.89199812
wiki-CDN-window2,bytes,cold,0,800000,0.01,138697332,sieve,0.88770875,0.8437486672
wiki-CDN-window2,bytes,cold,0,800000,0.02,277394665,fifo,0.8912075,0.8622074152
wiki-CDN-window2,bytes,cold,0,800000,0.02,277394665,lru,0.88184,0.8477191156
wiki-CDN-window2,bytes,cold,0,800000,0.02,277394665,clock,0.8775225,0.8409684282
wiki-CDN-window2,bytes,cold,0,800000,0.02,277394665,sieve,0.85267,0.7921350292
wiki-CDN-window2,bytes,cold,0,800000,0.05,693486664,fifo,0.8328525,0.7833077306
wiki-CDN-window2,bytes,cold,0,800000,0.05,693486664,lru,0.81764625,0.7593608032
wiki-CDN-window2,bytes,cold,0,800000,0.05,693486664,clock,0.81142875,0.7493723193
wiki-CDN-window2,bytes,cold,0,800000,0.05,693486664,sieve,0.78809375,0.7043595501
wiki-CDN-window2,bytes,cold,0,800000,0.1,1386973329,fifo,0.77448875,0.7057867569
wiki-CDN-window2,bytes,cold,0,800000,0.1,1386973329,lru,0.75348625,0.6728793631
wiki-CDN-window2,bytes,cold,0,800000,0.1,1386973329,clock,0.746035,0.6611779467
wiki-CDN-window2,bytes,cold,0,800000,0.1,1386973329,sieve,0.7232625,0.6229219503
wiki-CDN-window2,bytes,cold,0,800000,0.2,2773946659,fifo,0.70171375,0.6145032759
wiki-CDN-window2,bytes,cold,0,800000,0.2,2773946659,lru,0.6752675,0.5750281548
wiki-CDN-window2,bytes,cold,0,800000,0.2,2773946659,clock,0.66868125,0.5644204274
wiki-CDN-window2,bytes,cold,0,800000,0.2,2773946659,sieve,0.64851,0.5377028236
wiki-CDN-window2,bytes,cold,0,800000,0.4,5547893319,fifo,0.62379625,0.5229607165
wiki-CDN-window2,bytes,cold,0,800000,0.4,5547893319,lru,0.59673375,0.4852669972
wiki-CDN-window2,bytes,cold,0,800000,0.4,5547893319,clock,0.59094625,0.4780921735
wiki-CDN-window2,bytes,cold,0,800000,0.4,5547893319,sieve,0.58699375,0.4731655741
wiki-CDN-window2,bytes,warm10,100000,800000,0.001,13869733,fifo,0.9730425,0.9725542648
wiki-CDN-window2,bytes,warm10,100000,800000,0.001,13869733,lru,0.9700825,0.9699927087
wiki-CDN-window2,bytes,warm10,100000,800000,0.001,13869733,clock,0.96867125,0.9684809832
wiki-CDN-window2,bytes,warm10,100000,800000,0.001,13869733,sieve,0.95023375,0.9387132691
wiki-CDN-window2,bytes,warm10,100000,800000,0.005,69348666,fifo,0.94518,0.9358496071
wiki-CDN-window2,bytes,warm10,100000,800000,0.005,69348666,lru,0.94069125,0.9297836376
wiki-CDN-window2,bytes,warm10,100000,800000,0.005,69348666,clock,0.93873875,0.9268636155
wiki-CDN-window2,bytes,warm10,100000,800000,0.005,69348666,sieve,0.911285,0.8760340296
wiki-CDN-window2,bytes,warm10,100000,800000,0.01,138697332,fifo,0.922785,0.9052651503
wiki-CDN-window2,bytes,warm10,100000,800000,0.01,138697332,lru,0.91656375,0.8963486471
wiki-CDN-window2,bytes,warm10,100000,800000,0.01,138697332,clock,0.9135475,0.8917445715
wiki-CDN-window2,bytes,warm10,100000,800000,0.01,138697332,sieve,0.885505,0.8365585555
wiki-CDN-window2,bytes,warm10,100000,800000,0.02,277394665,fifo,0.89084125,0.8616843514
wiki-CDN-window2,bytes,warm10,100000,800000,0.02,277394665,lru,0.88139375,0.8470813816
wiki-CDN-window2,bytes,warm10,100000,800000,0.02,277394665,clock,0.8770075,0.8401872455
wiki-CDN-window2,bytes,warm10,100000,800000,0.02,277394665,sieve,0.84940875,0.785529848
wiki-CDN-window2,bytes,warm10,100000,800000,0.05,693486664,fifo,0.8316,0.7816152661
wiki-CDN-window2,bytes,warm10,100000,800000,0.05,693486664,lru,0.81589375,0.7568452903
wiki-CDN-window2,bytes,warm10,100000,800000,0.05,693486664,clock,0.809285,0.7462552465
wiki-CDN-window2,bytes,warm10,100000,800000,0.05,693486664,sieve,0.78261625,0.6942111171
wiki-CDN-window2,bytes,warm10,100000,800000,0.1,1386973329,fifo,0.770955,0.7013246594
wiki-CDN-window2,bytes,warm10,100000,800000,0.1,1386973329,lru,0.74853875,0.666073382
wiki-CDN-window2,bytes,warm10,100000,800000,0.1,1386973329,clock,0.74025375,0.6530209716
wiki-CDN-window2,bytes,warm10,100000,800000,0.1,1386973329,sieve,0.7147475,0.6088956413
wiki-CDN-window2,bytes,warm10,100000,800000,0.2,2773946659,fifo,0.691475,0.6021833588
wiki-CDN-window2,bytes,warm10,100000,800000,0.2,2773946659,lru,0.6609275,0.5565361404
wiki-CDN-window2,bytes,warm10,100000,800000,0.2,2773946659,clock,0.65359125,0.5445930556
wiki-CDN-window2,bytes,warm10,100000,800000,0.2,2773946659,sieve,0.62888,0.5115554488
wiki-CDN-window2,bytes,warm10,100000,800000,0.4,5547893319,fifo,0.60091,0.4958227642
wiki-CDN-window2,bytes,warm10,100000,800000,0.4,5547893319,lru,0.56919,0.4517168567
wiki-CDN-window2,bytes,warm10,100000,800000,0.4,5547893319,clock,0.56212875,0.4429072931
wiki-CDN-window2,bytes,warm10,100000,800000,0.4,5547893319,sieve,0.5555875,0.4349300699
wiki-CDN-window2,bytes,warm20,200000,800000,0.001,13869733,fifo,0.9730425,0.9725542648
wiki-CDN-window2,bytes,warm20,200000,800000,0.001,13869733,lru,0.9700825,0.9699927087
wiki-CDN-window2,bytes,warm20,200000,800000,0.001,13869733,clock,0.96867125,0.9684809832
wiki-CDN-window2,bytes,warm20,200000,800000,0.001,13869733,sieve,0.94895625,0.9370139875
wiki-CDN-window2,bytes,warm20,200000,800000,0.005,69348666,fifo,0.94518,0.9358496071
wiki-CDN-window2,bytes,warm20,200000,800000,0.005,69348666,lru,0.94069125,0.9297836376
wiki-CDN-window2,bytes,warm20,200000,800000,0.005,69348666,clock,0.9387375,0.9268633303
wiki-CDN-window2,bytes,warm20,200000,800000,0.005,69348666,sieve,0.91014625,0.8750156161
wiki-CDN-window2,bytes,warm20,200000,800000,0.01,138697332,fifo,0.9227875,0.905266198
wiki-CDN-window2,bytes,warm20,200000,800000,0.01,138697332,lru,0.91656375,0.8963486471
wiki-CDN-window2,bytes,warm20,200000,800000,0.01,138697332,clock,0.91354875,0.8917469834
wiki-CDN-window2,bytes,warm20,200000,800000,0.01,138697332,sieve,0.88321625,0.8344332979
wiki-CDN-window2,bytes,warm20,200000,800000,0.02,277394665,fifo,0.890845,0.8616920098
wiki-CDN-window2,bytes,warm20,200000,800000,0.02,277394665,lru,0.88139375,0.8470813816
wiki-CDN-window2,bytes,warm20,200000,800000,0.02,277394665,clock,0.8770075,0.8401772202
wiki-CDN-window2,bytes,warm20,200000,800000,0.02,277394665,sieve,0.848365,0.7810809829
wiki-CDN-window2,bytes,warm20,200000,800000,0.05,693486664,fifo,0.83160125,0.7816125105
wiki-CDN-window2,bytes,warm20,200000,800000,0.05,693486664,lru,0.81589375,0.7568452903
wiki-CDN-window2,bytes,warm20,200000,800000,0.05,693486664,clock,0.8093025,0.7462071786
wiki-CDN-window2,bytes,warm20,200000,800000,0.05,693486664,sieve,0.78214,0.6908890102
wiki-CDN-window2,bytes,warm20,200000,800000,0.1,1386973329,fifo,0.77098125,0.7013406491
wiki-CDN-window2,bytes,warm20,200000,800000,0.1,1386973329,lru,0.74853875,0.666073382
wiki-CDN-window2,bytes,warm20,200000,800000,0.1,1386973329,clock,0.74027625,0.6530204193
wiki-CDN-window2,bytes,warm20,200000,800000,0.1,1386973329,sieve,0.713475,0.605290768
wiki-CDN-window2,bytes,warm20,200000,800000,0.2,2773946659,fifo,0.6919525,0.602626241
wiki-CDN-window2,bytes,warm20,200000,800000,0.2,2773946659,lru,0.66054,0.5561123985
wiki-CDN-window2,bytes,warm20,200000,800000,0.2,2773946659,clock,0.652695,0.5431634425
wiki-CDN-window2,bytes,warm20,200000,800000,0.2,2773946659,sieve,0.62240625,0.5021930243
wiki-CDN-window2,bytes,warm20,200000,800000,0.4,5547893319,fifo,0.59476625,0.4899254155
wiki-CDN-window2,bytes,warm20,200000,800000,0.4,5547893319,lru,0.55840375,0.4395714529
wiki-CDN-window2,bytes,warm20,200000,800000,0.4,5547893319,clock,0.55004375,0.429175347
wiki-CDN-window2,bytes,warm20,200000,800000,0.4,5547893319,sieve,0.5402725,0.4174769082
wiki-CDN-window3,objects,cold,0,800000,0.001,520,fifo,0.96121,0.96121
wiki-CDN-window3,objects,cold,0,800000,0.001,520,lru,0.95735625,0.95735625
wiki-CDN-window3,objects,cold,0,800000,0.001,520,clock,0.9558625,0.9558625
wiki-CDN-window3,objects,cold,0,800000,0.001,520,sieve,0.93659125,0.93659125
wiki-CDN-window3,objects,cold,0,800000,0.005,2603,fifo,0.92744875,0.92744875
wiki-CDN-window3,objects,cold,0,800000,0.005,2603,lru,0.92137875,0.92137875
wiki-CDN-window3,objects,cold,0,800000,0.005,2603,clock,0.91855125,0.91855125
wiki-CDN-window3,objects,cold,0,800000,0.005,2603,sieve,0.887015,0.887015
wiki-CDN-window3,objects,cold,0,800000,0.01,5206,fifo,0.90151875,0.90151875
wiki-CDN-window3,objects,cold,0,800000,0.01,5206,lru,0.8926625,0.8926625
wiki-CDN-window3,objects,cold,0,800000,0.01,5206,clock,0.8885775,0.8885775
wiki-CDN-window3,objects,cold,0,800000,0.01,5206,sieve,0.85687375,0.85687375
wiki-CDN-window3,objects,cold,0,800000,0.02,10412,fifo,0.86649125,0.86649125
wiki-CDN-window3,objects,cold,0,800000,0.02,10412,lru,0.85360625,0.85360625
wiki-CDN-window3,objects,cold,0,800000,0.02,10412,clock,0.84803125,0.84803125
wiki-CDN-window3,objects,cold,0,800000,0.02,10412,sieve,0.815435,0.815435
wiki-CDN-window3,objects,cold,0,800000,0.05,26030,fifo,0.80499625,0.80499625
wiki-CDN-window3,objects,cold,0,800000,0.05,26030,lru,0.7857925,0.7857925
wiki-CDN-window3,objects,cold,0,800000,0.05,26030,clock,0.77800375,0.77800375
wiki-CDN-window3,objects,cold,0,800000,0.05,26030,sieve,0.74779625,0.74779625
wiki-CDN-window3,objects,cold,0,800000,0.1,52060,fifo,0.74689875,0.74689875
wiki-CDN-window3,objects,cold,0,800000,0.1,52060,lru,0.72145875,0.72145875
wiki-CDN-window3,objects,cold,0,800000,0.1,52060,clock,0.712575,0.712575
wiki-CDN-window3,objects,cold,0,800000,0.1,52060,sieve,0.684785,0.684785
wiki-CDN-window3,objects,cold,0,800000,0.2,104120,fifo,0.67820125,0.67820125
wiki-CDN-window3,objects,cold,0,800000,0.2,104120,lru,0.647255,0.647255
wiki-CDN-window3,objects,cold,0,800000,0.2,104120,clock,0.63858625,0.63858625
wiki-CDN-window3,objects,cold,0,800000,0.2,104120,sieve,0.62242625,0.62242625
wiki-CDN-window3,objects,cold,0,800000,0.4,208240,fifo,0.60763125,0.60763125
wiki-CDN-window3,objects,cold,0,800000,0.4,208240,lru,0.57996375,0.57996375
wiki-CDN-window3,objects,cold,0,800000,0.4,208240,clock,0.57488625,0.57488625
wiki-CDN-window3,objects,cold,0,800000,0.4,208240,sieve,0.57261375,0.57261375
wiki-CDN-window3,objects,warm10,100000,800000,0.001,520,fifo,0.96120125,0.96120125
wiki-CDN-window3,objects,warm10,100000,800000,0.001,520,lru,0.95734625,0.95734625
wiki-CDN-window3,objects,warm10,100000,800000,0.001,520,clock,0.9558525,0.9558525
wiki-CDN-window3,objects,warm10,100000,800000,0.001,520,sieve,0.93452375,0.93452375
wiki-CDN-window3,objects,warm10,100000,800000,0.005,2603,fifo,0.92740375,0.92740375
wiki-CDN-window3,objects,warm10,100000,800000,0.005,2603,lru,0.921315,0.921315
wiki-CDN-window3,objects,warm10,100000,800000,0.005,2603,clock,0.9184775,0.9184775
wiki-CDN-window3,objects,warm10,100000,800000,0.005,2603,sieve,0.88347,0.88347
wiki-CDN-window3,objects,warm10,100000,800000,0.01,5206,fifo,0.9013825,0.9013825
wiki-CDN-window3,objects,warm10,100000,800000,0.01,5206,lru,0.89248,0.89248
wiki-CDN-window3,objects,warm10,100000,800000,0.01,5206,clock,0.88834125,0.88834125
wiki-CDN-window3,objects,warm10,100000,800000,0.01,5206,sieve,0.851185,0.851185
wiki-CDN-window3,objects,warm10,100000,800000,0.02,10412,fifo,0.866065,0.866065
wiki-CDN-window3,objects,warm10,100000,800000,0.02,10412,lru,0.8530075,0.8530075
wiki-CDN-window3,objects,warm10,100000,800000,0.02,10412,clock,0.84725625,0.84725625
wiki-CDN-window3,objects,warm10,100000,800000,0.02,10412,sieve,0.81106875,0.81106875
wiki-CDN-window3,objects,warm10,100000,800000,0.05,26030,fifo,0.803525,0.803525
wiki-CDN-window3,objects,warm10,100000,800000,0.05,26030,lru,0.78355375,0.78355375
wiki-CDN-window3,objects,warm10,100000,800000,0.05,26030,clock,0.775315,0.775315
wiki-CDN-window3,objects,warm10,100000,800000,0.05,26030,sieve,0.740325,0.740325
wiki-CDN-window3,objects,warm10,100000,800000,0.1,52060,fifo,0.74281125,0.74281125
wiki-CDN-window3,objects,warm10,100000,800000,0.1,52060,lru,0.71532125,0.71532125
wiki-CDN-window3,objects,warm10,100000,800000,0.1,52060,clock,0.70523,0.70523
wiki-CDN-window3,objects,warm10,100000,800000,0.1,52060,sieve,0.6725,0.6725
wiki-CDN-window3,objects,warm10,100000,800000,0.2,104120,fifo,0.6673475,0.6673475
wiki-CDN-window3,objects,warm10,100000,800000,0.2,104120,lru,0.6316125,0.6316125
wiki-CDN-window3,objects,warm10,100000,800000,0.2,104120,clock,0.62156,0.62156
wiki-CDN-window3,objects,warm10,100000,800000,0.2,104120,sieve,0.60027,0.60027
wiki-CDN-window3,objects,warm10,100000,800000,0.4,208240,fifo,0.586385,0.586385
wiki-CDN-window3,objects,warm10,100000,800000,0.4,208240,lru,0.5524675,0.5524675
wiki-CDN-window3,objects,warm10,100000,800000,0.4,208240,clock,0.54583875,0.54583875
wiki-CDN-window3,objects,warm10,100000,800000,0.4,208240,sieve,0.54160625,0.54160625
wiki-CDN-window3,objects,warm20,200000,800000,0.001,520,fifo,0.96120125,0.96120125
wiki-CDN-window3,objects,warm20,200000,800000,0.001,520,lru,0.95734625,0.95734625
wiki-CDN-window3,objects,warm20,200000,800000,0.001,520,clock,0.9558525,0.9558525
wiki-CDN-window3,objects,warm20,200000,800000,0.001,520,sieve,0.934245,0.934245
wiki-CDN-window3,objects,warm20,200000,800000,0.005,2603,fifo,0.927405,0.927405
wiki-CDN-window3,objects,warm20,200000,800000,0.005,2603,lru,0.921315,0.921315
wiki-CDN-window3,objects,warm20,200000,800000,0.005,2603,clock,0.9184775,0.9184775
wiki-CDN-window3,objects,warm20,200000,800000,0.005,2603,sieve,0.8803675,0.8803675
wiki-CDN-window3,objects,warm20,200000,800000,0.01,5206,fifo,0.90138125,0.90138125
wiki-CDN-window3,objects,warm20,200000,800000,0.01,5206,lru,0.89248,0.89248
wiki-CDN-window3,objects,warm20,200000,800000,0.01,5206,clock,0.8883375,0.8883375
wiki-CDN-window3,objects,warm20,200000,800000,0.01,5206,sieve,0.84910875,0.84910875
wiki-CDN-window3,objects,warm20,200000,800000,0.02,10412,fifo,0.8660625,0.8660625
wiki-CDN-window3,objects,warm20,200000,800000,0.02,10412,lru,0.8530075,0.8530075
wiki-CDN-window3,objects,warm20,200000,800000,0.02,10412,clock,0.84726625,0.84726625
wiki-CDN-window3,objects,warm20,200000,800000,0.02,10412,sieve,0.8072325,0.8072325
wiki-CDN-window3,objects,warm20,200000,800000,0.05,26030,fifo,0.803515,0.803515
wiki-CDN-window3,objects,warm20,200000,800000,0.05,26030,lru,0.78355375,0.78355375
wiki-CDN-window3,objects,warm20,200000,800000,0.05,26030,clock,0.77532,0.77532
wiki-CDN-window3,objects,warm20,200000,800000,0.05,26030,sieve,0.73541,0.73541
wiki-CDN-window3,objects,warm20,200000,800000,0.1,52060,fifo,0.74283375,0.74283375
wiki-CDN-window3,objects,warm20,200000,800000,0.1,52060,lru,0.71532125,0.71532125
wiki-CDN-window3,objects,warm20,200000,800000,0.1,52060,clock,0.705135,0.705135
wiki-CDN-window3,objects,warm20,200000,800000,0.1,52060,sieve,0.66886125,0.66886125
wiki-CDN-window3,objects,warm20,200000,800000,0.2,104120,fifo,0.6681775,0.6681775
wiki-CDN-window3,objects,warm20,200000,800000,0.2,104120,lru,0.6306925,0.6306925
wiki-CDN-window3,objects,warm20,200000,800000,0.2,104120,clock,0.61911125,0.61911125
wiki-CDN-window3,objects,warm20,200000,800000,0.2,104120,sieve,0.592315,0.592315
wiki-CDN-window3,objects,warm20,200000,800000,0.4,208240,fifo,0.58057625,0.58057625
wiki-CDN-window3,objects,warm20,200000,800000,0.4,208240,lru,0.54116375,0.54116375
wiki-CDN-window3,objects,warm20,200000,800000,0.4,208240,clock,0.53291625,0.53291625
wiki-CDN-window3,objects,warm20,200000,800000,0.4,208240,sieve,0.526095,0.526095
wiki-CDN-window3,bytes,cold,0,800000,0.001,14253598,fifo,0.96398875,0.9600311613
wiki-CDN-window3,bytes,cold,0,800000,0.001,14253598,lru,0.96039625,0.9565196487
wiki-CDN-window3,bytes,cold,0,800000,0.001,14253598,clock,0.95885125,0.9547258892
wiki-CDN-window3,bytes,cold,0,800000,0.001,14253598,sieve,0.94084625,0.9290599483
wiki-CDN-window3,bytes,cold,0,800000,0.005,71267991,fifo,0.93305875,0.9203557804
wiki-CDN-window3,bytes,cold,0,800000,0.005,71267991,lru,0.9277325,0.9132423274
wiki-CDN-window3,bytes,cold,0,800000,0.005,71267991,clock,0.92529625,0.9097611955
wiki-CDN-window3,bytes,cold,0,800000,0.005,71267991,sieve,0.89780375,0.8667662807
wiki-CDN-window3,bytes,cold,0,800000,0.01,142535982,fifo,0.90909875,0.8892494925
wiki-CDN-window3,bytes,cold,0,800000,0.01,142535982,lru,0.90145125,0.8788024856
wiki-CDN-window3,bytes,cold,0,800000,0.01,142535982,clock,0.89806375,0.874023758
wiki-CDN-window3,bytes,cold,0,800000,0.01,142535982,sieve,0.8707775,0.8282072826
wiki-CDN-window3,bytes,cold,0,800000,0.02,285071965,fifo,0.87577375,0.8461415312
wiki-CDN-window3,bytes,cold,0,800000,0.02,285071965,lru,0.8648,0.8304687269
wiki-CDN-window3,bytes,cold,0,800000,0.02,285071965,clock,0.86009625,0.8235677549
wiki-CDN-window3,bytes,cold,0,800000,0.02,285071965,sieve,0.83401,0.7770059987
wiki-CDN-window3,bytes,cold,0,800000,0.05,712679913,fifo,0.81564,0.7685763743
wiki-CDN-window3,bytes,cold,0,800000,0.05,712679913,lru,0.79883,0.7442092875
wiki-CDN-window3,bytes,cold,0,800000,0.05,712679913,clock,0.79249,0.7347145626
wiki-CDN-window3,bytes,cold,0,800000,0.05,712679913,sieve,0.769105,0.6939941301
wiki-CDN-window3,bytes,cold,0,800000,0.1,1425359826,fifo,0.75742125,0.6950066842
wiki-CDN-window3,bytes,cold,0,800000,0.1,1425359826,lru,0.73512125,0.6625936886
wiki-CDN-window3,bytes,cold,0,800000,0.1,1425359826,clock,0.72732125,0.6514302246
wiki-CDN-window3,bytes,cold,0,800000,0.1,1425359826,sieve,0.70686125,0.6178108403
wiki-CDN-window3,bytes,cold,0,800000,0.2,2850719652,fifo,0.68657125,0.6096500783
wiki-CDN-window3,bytes,cold,0,800000,0.2,2850719652,lru,0.65844125,0.5706950203
wiki-CDN-window3,bytes,cold,0,800000,0.2,2850719652,clock,0.65230625,0.5611952712
wiki-CDN-window3,bytes,cold,0,800000,0.2,2850719652,sieve,0.63540625,0.5393128893
wiki-CDN-window3,bytes,cold,0,800000,0.4,5701439304,fifo,0.6124725,0.5252049634
wiki-CDN-window3,bytes,cold,0,800000,0.4,5701439304,lru,0.5854375,0.489484973
wiki-CDN-window3,bytes,cold,0,800000,0.4,5701439304,clock,0.5805,0.483791295
wiki-CDN-window3,bytes,cold,0,800000,0.4,5701439304,sieve,0.5775475,0.4800658842
wiki-CDN-window3,bytes,warm10,100000,800000,0.001,14253598,fifo,0.96398125,0.9600203534
wiki-CDN-window3,bytes,warm10,100000,800000,0.001,14253598,lru,0.9603875,0.956508551
wiki-CDN-window3,bytes,warm10,100000,800000,0.001,14253598,clock,0.9588425,0.9547147915
wiki-CDN-window3,bytes,warm10,100000,800000,0.001,14253598,sieve,0.9390675,0.9249523059
wiki-CDN-window3,bytes,warm10,100000,800000,0.005,71267991,fifo,0.93302125,0.9203087351
wiki-CDN-window3,bytes,warm10,100000,800000,0.005,71267991,lru,0.927685,0.9131751934
wiki-CDN-window3,bytes,warm10,100000,800000,0.005,71267991,clock,0.92524375,0.9096806911
wiki-CDN-window3,bytes,warm10,100000,800000,0.005,71267991,sieve,0.89561125,0.8624423331
wiki-CDN-window3,bytes,warm10,100000,800000,0.01,142535982,fifo,0.90900875,0.8891306075
wiki-CDN-window3,bytes,warm10,100000,800000,0.01,142535982,lru,0.9013275,0.8786493764
wiki-CDN-window3,bytes,warm10,100000,800000,0.01,142535982,clock,0.897895,0.8738109744
wiki-CDN-window3,bytes,warm10,100000,800000,0.01,142535982,sieve,0.86768875,0.8218087345
wiki-CDN-window3,bytes,warm10,100000,800000,0.02,285071965,fifo,0.87547875,0.8457965794
wiki-CDN-window3,bytes,warm10,100000,800000,0.02,285071965,lru,0.8643675,0.8299074912
wiki-CDN-window3,bytes,warm10,100000,800000,0.02,285071965,clock,0.8595725,0.8228529872
wiki-CDN-window3,bytes,warm10,100000,800000,0.02,285071965,sieve,0.830405,0.7693543903
wiki-CDN-window3,bytes,warm10,100000,800000,0.05,712679913,fifo,0.814445,0.7670400679
wiki-CDN-window3,bytes,warm10,100000,800000,0.05,712679913,lru,0.797115,0.7419145904
wiki-CDN-window3,bytes,warm10,100000,800000,0.05,712679913,clock,0.79045875,0.7318995585
wiki-CDN-window3,bytes,warm10,100000,800000,0.05,712679913,sieve,0.764765,0.684993837
wiki-CDN-window3,bytes,warm10,100000,800000,0.1,1425359826,fifo,0.753995,0.6906646582
wiki-CDN-window3,bytes,warm10,100000,800000,0.1,1425359826,lru,0.73043125,0.6564468449
wiki-CDN-window3,bytes,warm10,100000,800000,0.1,1425359826,clock,0.72174875,0.6440350838
wiki-CDN-window3,bytes,warm10,100000,800000,0.1,1425359826,sieve,0.69997375,0.6060763986
wiki-CDN-window3,bytes,warm10,100000,800000,0.2,2850719652,fifo,0.6772325,0.5984769124
wiki-CDN-window3,bytes,warm10,100000,800000,0.2,2850719652,lru,0.64486625,0.5535633268
wiki-CDN-window3,bytes,warm10,100000,800000,0.2,2850719652,clock,0.6378075,0.5426339147
wiki-CDN-window3,bytes,warm10,100000,800000,0.2,2850719652,sieve,0.61619875,0.5140816482
wiki-CDN-window3,bytes,warm10,100000,800000,0.4,5701439304,fifo,0.5918925,0.5009331853
wiki-CDN-window3,bytes,warm10,100000,800000,0.4,5701439304,lru,0.55956375,0.4580921572
wiki-CDN-window3,bytes,warm10,100000,800000,0.4,5701439304,clock,0.55299,0.4502369516
wiki-CDN-window3,bytes,warm10,100000,800000,0.4,5701439304,sieve,0.5479675,0.4440194861
wiki-CDN-window3,bytes,warm20,200000,800000,0.001,14253598,fifo,0.96398125,0.9600203534
wiki-CDN-window3,bytes,warm20,200000,800000,0.001,14253598,lru,0.9603875,0.956508551
wiki-CDN-window3,bytes,warm20,200000,800000,0.001,14253598,clock,0.9588425,0.9547147915
wiki-CDN-window3,bytes,warm20,200000,800000,0.001,14253598,sieve,0.9383075,0.9248927022
wiki-CDN-window3,bytes,warm20,200000,800000,0.005,71267991,fifo,0.93302125,0.9203087351
wiki-CDN-window3,bytes,warm20,200000,800000,0.005,71267991,lru,0.927685,0.9131751934
wiki-CDN-window3,bytes,warm20,200000,800000,0.005,71267991,clock,0.92524375,0.9096806911
wiki-CDN-window3,bytes,warm20,200000,800000,0.005,71267991,sieve,0.89430625,0.8597860087
wiki-CDN-window3,bytes,warm20,200000,800000,0.01,142535982,fifo,0.90900875,0.8891306075
wiki-CDN-window3,bytes,warm20,200000,800000,0.01,142535982,lru,0.9013275,0.8786493764
wiki-CDN-window3,bytes,warm20,200000,800000,0.01,142535982,clock,0.89789375,0.8738103719
wiki-CDN-window3,bytes,warm20,200000,800000,0.01,142535982,sieve,0.8654875,0.8179018523
wiki-CDN-window3,bytes,warm20,200000,800000,0.02,285071965,fifo,0.87547875,0.8457965794
wiki-CDN-window3,bytes,warm20,200000,800000,0.02,285071965,lru,0.8643675,0.8299074912
wiki-CDN-window3,bytes,warm20,200000,800000,0.02,285071965,clock,0.8595675,0.822847366
wiki-CDN-window3,bytes,warm20,200000,800000,0.02,285071965,sieve,0.82805625,0.766128795
wiki-CDN-window3,bytes,warm20,200000,800000,0.05,712679913,fifo,0.8144675,0.7670846732
wiki-CDN-window3,bytes,warm20,200000,800000,0.05,712679913,lru,0.797115,0.7419145904
wiki-CDN-window3,bytes,warm20,200000,800000,0.05,712679913,clock,0.790455,0.7319478735
wiki-CDN-window3,bytes,warm20,200000,800000,0.05,712679913,sieve,0.759855,0.6771205235
wiki-CDN-window3,bytes,warm20,200000,800000,0.1,1425359826,fifo,0.7540525,0.6907182627
wiki-CDN-window3,bytes,warm20,200000,800000,0.1,1425359826,lru,0.73043125,0.6564468449
wiki-CDN-window3,bytes,warm20,200000,800000,0.1,1425359826,clock,0.72168375,0.6439387902
wiki-CDN-window3,bytes,warm20,200000,800000,0.1,1425359826,sieve,0.69520625,0.5986321394
wiki-CDN-window3,bytes,warm20,200000,800000,0.2,2850719652,fifo,0.67760125,0.5988297594
wiki-CDN-window3,bytes,warm20,200000,800000,0.2,2850719652,lru,0.64452625,0.5531562789
wiki-CDN-window3,bytes,warm20,200000,800000,0.2,2850719652,clock,0.63684625,0.5410743203
wiki-CDN-window3,bytes,warm20,200000,800000,0.2,2850719652,sieve,0.6114225,0.5063274726
wiki-CDN-window3,bytes,warm20,200000,800000,0.4,5701439304,fifo,0.58630625,0.4953562373
wiki-CDN-window3,bytes,warm20,200000,800000,0.4,5701439304,lru,0.54971625,0.4468728887
wiki-CDN-window3,bytes,warm20,200000,800000,0.4,5701439304,clock,0.5417475,0.4373297716
wiki-CDN-window3,bytes,warm20,200000,800000,0.4,5701439304,sieve,0.53381875,0.4277018555
twitter-KV-window1,objects,cold,0,800000,0.001,500,fifo,0.49999375,0.49999375
twitter-KV-window1,objects,cold,0,800000,0.001,500,lru,0.49999375,0.49999375
twitter-KV-window1,objects,cold,0,800000,0.001,500,clock,0.49999875,0.49999875
twitter-KV-window1,objects,cold,0,800000,0.001,500,sieve,0.50175,0.50175
twitter-KV-window1,objects,cold,0,800000,0.005,2500,fifo,0.4999925,0.4999925
twitter-KV-window1,objects,cold,0,800000,0.005,2500,lru,0.4999925,0.4999925
twitter-KV-window1,objects,cold,0,800000,0.005,2500,clock,0.49999375,0.49999375
twitter-KV-window1,objects,cold,0,800000,0.005,2500,sieve,0.50037375,0.50037375
twitter-KV-window1,objects,cold,0,800000,0.01,5000,fifo,0.4999925,0.4999925
twitter-KV-window1,objects,cold,0,800000,0.01,5000,lru,0.4999925,0.4999925
twitter-KV-window1,objects,cold,0,800000,0.01,5000,clock,0.4999925,0.4999925
twitter-KV-window1,objects,cold,0,800000,0.01,5000,sieve,0.50017625,0.50017625
twitter-KV-window1,objects,cold,0,800000,0.02,10000,fifo,0.4999925,0.4999925
twitter-KV-window1,objects,cold,0,800000,0.02,10000,lru,0.4999925,0.4999925
twitter-KV-window1,objects,cold,0,800000,0.02,10000,clock,0.4999925,0.4999925
twitter-KV-window1,objects,cold,0,800000,0.02,10000,sieve,0.500105,0.500105
twitter-KV-window1,objects,cold,0,800000,0.05,25000,fifo,0.4999925,0.4999925
twitter-KV-window1,objects,cold,0,800000,0.05,25000,lru,0.4999925,0.4999925
twitter-KV-window1,objects,cold,0,800000,0.05,25000,clock,0.4999925,0.4999925
twitter-KV-window1,objects,cold,0,800000,0.05,25000,sieve,0.50003,0.50003
twitter-KV-window1,objects,cold,0,800000,0.1,50000,fifo,0.4999925,0.4999925
twitter-KV-window1,objects,cold,0,800000,0.1,50000,lru,0.4999925,0.4999925
twitter-KV-window1,objects,cold,0,800000,0.1,50000,clock,0.4999925,0.4999925
twitter-KV-window1,objects,cold,0,800000,0.1,50000,sieve,0.5000225,0.5000225
twitter-KV-window1,objects,cold,0,800000,0.2,100001,fifo,0.4999925,0.4999925
twitter-KV-window1,objects,cold,0,800000,0.2,100001,lru,0.4999925,0.4999925
twitter-KV-window1,objects,cold,0,800000,0.2,100001,clock,0.4999925,0.4999925
twitter-KV-window1,objects,cold,0,800000,0.2,100001,sieve,0.5000025,0.5000025
twitter-KV-window1,objects,cold,0,800000,0.4,200003,fifo,0.4999925,0.4999925
twitter-KV-window1,objects,cold,0,800000,0.4,200003,lru,0.4999925,0.4999925
twitter-KV-window1,objects,cold,0,800000,0.4,200003,clock,0.4999925,0.4999925
twitter-KV-window1,objects,cold,0,800000,0.4,200003,sieve,0.49999375,0.49999375
twitter-KV-window1,objects,warm10,100000,800000,0.001,500,fifo,0.49999375,0.49999375
twitter-KV-window1,objects,warm10,100000,800000,0.001,500,lru,0.49999375,0.49999375
twitter-KV-window1,objects,warm10,100000,800000,0.001,500,clock,0.499995,0.499995
twitter-KV-window1,objects,warm10,100000,800000,0.001,500,sieve,0.5019975,0.5019975
twitter-KV-window1,objects,warm10,100000,800000,0.005,2500,fifo,0.4999925,0.4999925
twitter-KV-window1,objects,warm10,100000,800000,0.005,2500,lru,0.4999925,0.4999925
twitter-KV-window1,objects,warm10,100000,800000,0.005,2500,clock,0.4999925,0.4999925
twitter-KV-window1,objects,warm10,100000,800000,0.005,2500,sieve,0.50040375,0.50040375
twitter-KV-window1,objects,warm10,100000,800000,0.01,5000,fifo,0.4999925,0.4999925
twitter-KV-window1,objects,warm10,100000,800000,0.01,5000,lru,0.4999925,0.4999925
twitter-KV-window1,objects,warm10,100000,800000,0.01,5000,clock,0.4999925,0.4999925
twitter-KV-window1,objects,warm10,100000,800000,0.01,5000,sieve,0.5001725,0.5001725
twitter-KV-window1,objects,warm10,100000,800000,0.02,10000,fifo,0.4999925,0.4999925
twitter-KV-window1,objects,warm10,100000,800000,0.02,10000,lru,0.4999925,0.4999925
twitter-KV-window1,objects,warm10,100000,800000,0.02,10000,clock,0.4999925,0.4999925
twitter-KV-window1,objects,warm10,100000,800000,0.02,10000,sieve,0.50008625,0.50008625
twitter-KV-window1,objects,warm10,100000,800000,0.05,25000,fifo,0.4999925,0.4999925
twitter-KV-window1,objects,warm10,100000,800000,0.05,25000,lru,0.4999925,0.4999925
twitter-KV-window1,objects,warm10,100000,800000,0.05,25000,clock,0.4999925,0.4999925
twitter-KV-window1,objects,warm10,100000,800000,0.05,25000,sieve,0.50001875,0.50001875
twitter-KV-window1,objects,warm10,100000,800000,0.1,50000,fifo,0.4999925,0.4999925
twitter-KV-window1,objects,warm10,100000,800000,0.1,50000,lru,0.4999925,0.4999925
twitter-KV-window1,objects,warm10,100000,800000,0.1,50000,clock,0.4999925,0.4999925
twitter-KV-window1,objects,warm10,100000,800000,0.1,50000,sieve,0.50001375,0.50001375
twitter-KV-window1,objects,warm10,100000,800000,0.2,100001,fifo,0.4999925,0.4999925
twitter-KV-window1,objects,warm10,100000,800000,0.2,100001,lru,0.4999925,0.4999925
twitter-KV-window1,objects,warm10,100000,800000,0.2,100001,clock,0.4999925,0.4999925
twitter-KV-window1,objects,warm10,100000,800000,0.2,100001,sieve,0.50000625,0.50000625
twitter-KV-window1,objects,warm10,100000,800000,0.4,200003,fifo,0.4999925,0.4999925
twitter-KV-window1,objects,warm10,100000,800000,0.4,200003,lru,0.4999925,0.4999925
twitter-KV-window1,objects,warm10,100000,800000,0.4,200003,clock,0.4999925,0.4999925
twitter-KV-window1,objects,warm10,100000,800000,0.4,200003,sieve,0.5,0.5
twitter-KV-window1,objects,warm20,200000,800000,0.001,500,fifo,0.49999375,0.49999375
twitter-KV-window1,objects,warm20,200000,800000,0.001,500,lru,0.49999375,0.49999375
twitter-KV-window1,objects,warm20,200000,800000,0.001,500,clock,0.49999375,0.49999375
twitter-KV-window1,objects,warm20,200000,800000,0.001,500,sieve,0.50206125,0.50206125
twitter-KV-window1,objects,warm20,200000,800000,0.005,2500,fifo,0.4999925,0.4999925
twitter-KV-window1,objects,warm20,200000,800000,0.005,2500,lru,0.4999925,0.4999925
twitter-KV-window1,objects,warm20,200000,800000,0.005,2500,clock,0.4999925,0.4999925
twitter-KV-window1,objects,warm20,200000,800000,0.005,2500,sieve,0.50040375,0.50040375
twitter-KV-window1,objects,warm20,200000,800000,0.01,5000,fifo,0.4999925,0.4999925
twitter-KV-window1,objects,warm20,200000,800000,0.01,5000,lru,0.4999925,0.4999925
twitter-KV-window1,objects,warm20,200000,800000,0.01,5000,clock,0.4999925,0.4999925
twitter-KV-window1,objects,warm20,200000,800000,0.01,5000,sieve,0.50018125,0.50018125
twitter-KV-window1,objects,warm20,200000,800000,0.02,10000,fifo,0.4999925,0.4999925
twitter-KV-window1,objects,warm20,200000,800000,0.02,10000,lru,0.4999925,0.4999925
twitter-KV-window1,objects,warm20,200000,800000,0.02,10000,clock,0.4999925,0.4999925
twitter-KV-window1,objects,warm20,200000,800000,0.02,10000,sieve,0.50007625,0.50007625
twitter-KV-window1,objects,warm20,200000,800000,0.05,25000,fifo,0.4999925,0.4999925
twitter-KV-window1,objects,warm20,200000,800000,0.05,25000,lru,0.4999925,0.4999925
twitter-KV-window1,objects,warm20,200000,800000,0.05,25000,clock,0.4999925,0.4999925
twitter-KV-window1,objects,warm20,200000,800000,0.05,25000,sieve,0.50003125,0.50003125
twitter-KV-window1,objects,warm20,200000,800000,0.1,50000,fifo,0.4999925,0.4999925
twitter-KV-window1,objects,warm20,200000,800000,0.1,50000,lru,0.4999925,0.4999925
twitter-KV-window1,objects,warm20,200000,800000,0.1,50000,clock,0.4999925,0.4999925
twitter-KV-window1,objects,warm20,200000,800000,0.1,50000,sieve,0.5000175,0.5000175
twitter-KV-window1,objects,warm20,200000,800000,0.2,100001,fifo,0.4999925,0.4999925
twitter-KV-window1,objects,warm20,200000,800000,0.2,100001,lru,0.4999925,0.4999925
twitter-KV-window1,objects,warm20,200000,800000,0.2,100001,clock,0.4999925,0.4999925
twitter-KV-window1,objects,warm20,200000,800000,0.2,100001,sieve,0.50002,0.50002
twitter-KV-window1,objects,warm20,200000,800000,0.4,200003,fifo,0.4999925,0.4999925
twitter-KV-window1,objects,warm20,200000,800000,0.4,200003,lru,0.4999925,0.4999925
twitter-KV-window1,objects,warm20,200000,800000,0.4,200003,clock,0.4999925,0.4999925
twitter-KV-window1,objects,warm20,200000,800000,0.4,200003,sieve,0.49999375,0.49999375
twitter-KV-window1,bytes,cold,0,800000,0.001,11006,fifo,0.49999375,0.49999375
twitter-KV-window1,bytes,cold,0,800000,0.001,11006,lru,0.49999375,0.49999375
twitter-KV-window1,bytes,cold,0,800000,0.001,11006,clock,0.49999875,0.49999875
twitter-KV-window1,bytes,cold,0,800000,0.001,11006,sieve,0.50175,0.50175
twitter-KV-window1,bytes,cold,0,800000,0.005,55033,fifo,0.4999925,0.4999925
twitter-KV-window1,bytes,cold,0,800000,0.005,55033,lru,0.4999925,0.4999925
twitter-KV-window1,bytes,cold,0,800000,0.005,55033,clock,0.49999375,0.49999375
twitter-KV-window1,bytes,cold,0,800000,0.005,55033,sieve,0.50037375,0.50037375
twitter-KV-window1,bytes,cold,0,800000,0.01,110066,fifo,0.4999925,0.4999925
twitter-KV-window1,bytes,cold,0,800000,0.01,110066,lru,0.4999925,0.4999925
twitter-KV-window1,bytes,cold,0,800000,0.01,110066,clock,0.4999925,0.4999925
twitter-KV-window1,bytes,cold,0,800000,0.01,110066,sieve,0.50015125,0.50015125
twitter-KV-window1,bytes,cold,0,800000,0.02,220133,fifo,0.4999925,0.4999925
twitter-KV-window1,bytes,cold,0,800000,0.02,220133,lru,0.4999925,0.4999925
twitter-KV-window1,bytes,cold,0,800000,0.02,220133,clock,0.4999925,0.4999925
twitter-KV-window1,bytes,cold,0,800000,0.02,220133,sieve,0.5000625,0.5000625
twitter-KV-window1,bytes,cold,0,800000,0.05,550334,fifo,0.4999925,0.4999925
twitter-KV-window1,bytes,cold,0,800000,0.05,550334,lru,0.4999925,0.4999925
twitter-KV-window1,bytes,cold,0,800000,0.05,550334,clock,0.4999925,0.4999925
twitter-KV-window1,bytes,cold,0,800000,0.05,550334,sieve,0.50002625,0.50002625
twitter-KV-window1,bytes,cold,0,800000,0.1,1100668,fifo,0.4999925,0.4999925
twitter-KV-window1,bytes,cold,0,800000,0.1,1100668,lru,0.4999925,0.4999925
twitter-KV-window1,bytes,cold,0,800000,0.1,1100668,clock,0.4999925,0.4999925
twitter-KV-window1,bytes,cold,0,800000,0.1,1100668,sieve,0.50001125,0.50001125
twitter-KV-window1,bytes,cold,0,800000,0.2,2201336,fifo,0.4999925,0.4999925
twitter-KV-window1,bytes,cold,0,800000,0.2,2201336,lru,0.4999925,0.4999925
twitter-KV-window1,bytes,cold,0,800000,0.2,2201336,clock,0.4999925,0.4999925
twitter-KV-window1,bytes,cold,0,800000,0.2,2201336,sieve,0.500005,0.500005
twitter-KV-window1,bytes,cold,0,800000,0.4,4402672,fifo,0.4999925,0.4999925
twitter-KV-window1,bytes,cold,0,800000,0.4,4402672,lru,0.4999925,0.4999925
twitter-KV-window1,bytes,cold,0,800000,0.4,4402672,clock,0.4999925,0.4999925
twitter-KV-window1,bytes,cold,0,800000,0.4,4402672,sieve,0.4999925,0.4999925
twitter-KV-window1,bytes,warm10,100000,800000,0.001,11006,fifo,0.49999375,0.49999375
twitter-KV-window1,bytes,warm10,100000,800000,0.001,11006,lru,0.49999375,0.49999375
twitter-KV-window1,bytes,warm10,100000,800000,0.001,11006,clock,0.499995,0.499995
twitter-KV-window1,bytes,warm10,100000,800000,0.001,11006,sieve,0.5019975,0.5019975
twitter-KV-window1,bytes,warm10,100000,800000,0.005,55033,fifo,0.4999925,0.4999925
twitter-KV-window1,bytes,warm10,100000,800000,0.005,55033,lru,0.4999925,0.4999925
twitter-KV-window1,bytes,warm10,100000,800000,0.005,55033,clock,0.4999925,0.4999925
twitter-KV-window1,bytes,warm10,100000,800000,0.005,55033,sieve,0.50028875,0.50028875
twitter-KV-window1,bytes,warm10,100000,800000,0.01,110066,fifo,0.4999925,0.4999925
twitter-KV-window1,bytes,warm10,100000,800000,0.01,110066,lru,0.4999925,0.4999925
twitter-KV-window1,bytes,warm10,100000,800000,0.01,110066,clock,0.4999925,0.4999925
twitter-KV-window1,bytes,warm10,100000,800000,0.01,110066,sieve,0.5001825,0.5001825
twitter-KV-window1,bytes,warm10,100000,800000,0.02,220133,fifo,0.4999925,0.4999925
twitter-KV-window1,bytes,warm10,100000,800000,0.02,220133,lru,0.4999925,0.4999925
twitter-KV-window1,bytes,warm10,100000,800000,0.02,220133,clock,0.4999925,0.4999925
twitter-KV-window1,bytes,warm10,100000,800000,0.02,220133,sieve,0.5000625,0.5000625
twitter-KV-window1,bytes,warm10,100000,800000,0.05,550334,fifo,0.4999925,0.4999925
twitter-KV-window1,bytes,warm10,100000,800000,0.05,550334,lru,0.4999925,0.4999925
twitter-KV-window1,bytes,warm10,100000,800000,0.05,550334,clock,0.4999925,0.4999925
twitter-KV-window1,bytes,warm10,100000,800000,0.05,550334,sieve,0.50006,0.50006
twitter-KV-window1,bytes,warm10,100000,800000,0.1,1100668,fifo,0.4999925,0.4999925
twitter-KV-window1,bytes,warm10,100000,800000,0.1,1100668,lru,0.4999925,0.4999925
twitter-KV-window1,bytes,warm10,100000,800000,0.1,1100668,clock,0.4999925,0.4999925
twitter-KV-window1,bytes,warm10,100000,800000,0.1,1100668,sieve,0.5000025,0.5000025
twitter-KV-window1,bytes,warm10,100000,800000,0.2,2201336,fifo,0.4999925,0.4999925
twitter-KV-window1,bytes,warm10,100000,800000,0.2,2201336,lru,0.4999925,0.4999925
twitter-KV-window1,bytes,warm10,100000,800000,0.2,2201336,clock,0.4999925,0.4999925
twitter-KV-window1,bytes,warm10,100000,800000,0.2,2201336,sieve,0.5,0.5
twitter-KV-window1,bytes,warm10,100000,800000,0.4,4402672,fifo,0.4999925,0.4999925
twitter-KV-window1,bytes,warm10,100000,800000,0.4,4402672,lru,0.4999925,0.4999925
twitter-KV-window1,bytes,warm10,100000,800000,0.4,4402672,clock,0.4999925,0.4999925
twitter-KV-window1,bytes,warm10,100000,800000,0.4,4402672,sieve,0.499995,0.499995
twitter-KV-window1,bytes,warm20,200000,800000,0.001,11006,fifo,0.49999375,0.49999375
twitter-KV-window1,bytes,warm20,200000,800000,0.001,11006,lru,0.49999375,0.49999375
twitter-KV-window1,bytes,warm20,200000,800000,0.001,11006,clock,0.49999375,0.49999375
twitter-KV-window1,bytes,warm20,200000,800000,0.001,11006,sieve,0.50206125,0.50206125
twitter-KV-window1,bytes,warm20,200000,800000,0.005,55033,fifo,0.4999925,0.4999925
twitter-KV-window1,bytes,warm20,200000,800000,0.005,55033,lru,0.4999925,0.4999925
twitter-KV-window1,bytes,warm20,200000,800000,0.005,55033,clock,0.4999925,0.4999925
twitter-KV-window1,bytes,warm20,200000,800000,0.005,55033,sieve,0.50046375,0.50046375
twitter-KV-window1,bytes,warm20,200000,800000,0.01,110066,fifo,0.4999925,0.4999925
twitter-KV-window1,bytes,warm20,200000,800000,0.01,110066,lru,0.4999925,0.4999925
twitter-KV-window1,bytes,warm20,200000,800000,0.01,110066,clock,0.4999925,0.4999925
twitter-KV-window1,bytes,warm20,200000,800000,0.01,110066,sieve,0.50015375,0.50015375
twitter-KV-window1,bytes,warm20,200000,800000,0.02,220133,fifo,0.4999925,0.4999925
twitter-KV-window1,bytes,warm20,200000,800000,0.02,220133,lru,0.4999925,0.4999925
twitter-KV-window1,bytes,warm20,200000,800000,0.02,220133,clock,0.4999925,0.4999925
twitter-KV-window1,bytes,warm20,200000,800000,0.02,220133,sieve,0.50006625,0.50006625
twitter-KV-window1,bytes,warm20,200000,800000,0.05,550334,fifo,0.4999925,0.4999925
twitter-KV-window1,bytes,warm20,200000,800000,0.05,550334,lru,0.4999925,0.4999925
twitter-KV-window1,bytes,warm20,200000,800000,0.05,550334,clock,0.4999925,0.4999925
twitter-KV-window1,bytes,warm20,200000,800000,0.05,550334,sieve,0.50004625,0.50004625
twitter-KV-window1,bytes,warm20,200000,800000,0.1,1100668,fifo,0.4999925,0.4999925
twitter-KV-window1,bytes,warm20,200000,800000,0.1,1100668,lru,0.4999925,0.4999925
twitter-KV-window1,bytes,warm20,200000,800000,0.1,1100668,clock,0.4999925,0.4999925
twitter-KV-window1,bytes,warm20,200000,800000,0.1,1100668,sieve,0.50000875,0.50000875
twitter-KV-window1,bytes,warm20,200000,800000,0.2,2201336,fifo,0.4999925,0.4999925
twitter-KV-window1,bytes,warm20,200000,800000,0.2,2201336,lru,0.4999925,0.4999925
twitter-KV-window1,bytes,warm20,200000,800000,0.2,2201336,clock,0.4999925,0.4999925
twitter-KV-window1,bytes,warm20,200000,800000,0.2,2201336,sieve,0.4999975,0.4999975
twitter-KV-window1,bytes,warm20,200000,800000,0.4,4402672,fifo,0.4999925,0.4999925
twitter-KV-window1,bytes,warm20,200000,800000,0.4,4402672,lru,0.4999925,0.4999925
twitter-KV-window1,bytes,warm20,200000,800000,0.4,4402672,clock,0.4999925,0.4999925
twitter-KV-window1,bytes,warm20,200000,800000,0.4,4402672,sieve,0.49999375,0.49999375
twitter-KV-window2,objects,cold,0,800000,0.001,500,fifo,0.500005,0.500005
twitter-KV-window2,objects,cold,0,800000,0.001,500,lru,0.500005,0.500005
twitter-KV-window2,objects,cold,0,800000,0.001,500,clock,0.5000075,0.5000075
twitter-KV-window2,objects,cold,0,800000,0.001,500,sieve,0.5010025,0.5010025
twitter-KV-window2,objects,cold,0,800000,0.005,2500,fifo,0.500005,0.500005
twitter-KV-window2,objects,cold,0,800000,0.005,2500,lru,0.500005,0.500005
twitter-KV-window2,objects,cold,0,800000,0.005,2500,clock,0.500005,0.500005
twitter-KV-window2,objects,cold,0,800000,0.005,2500,sieve,0.50020875,0.50020875
twitter-KV-window2,objects,cold,0,800000,0.01,5000,fifo,0.500005,0.500005
twitter-KV-window2,objects,cold,0,800000,0.01,5000,lru,0.500005,0.500005
twitter-KV-window2,objects,cold,0,800000,0.01,5000,clock,0.500005,0.500005
twitter-KV-window2,objects,cold,0,800000,0.01,5000,sieve,0.50007,0.50007
twitter-KV-window2,objects,cold,0,800000,0.02,10000,fifo,0.500005,0.500005
twitter-KV-window2,objects,cold,0,800000,0.02,10000,lru,0.500005,0.500005
twitter-KV-window2,objects,cold,0,800000,0.02,10000,clock,0.500005,0.500005
twitter-KV-window2,objects,cold,0,800000,0.02,10000,sieve,0.50005125,0.50005125
twitter-KV-window2,objects,cold,0,800000,0.05,25000,fifo,0.500005,0.500005
twitter-KV-window2,objects,cold,0,800000,0.05,25000,lru,0.500005,0.500005
twitter-KV-window2,objects,cold,0,800000,0.05,25000,clock,0.500005,0.500005
twitter-KV-window2,objects,cold,0,800000,0.05,25000,sieve,0.5000225,0.5000225
twitter-KV-window2,objects,cold,0,800000,0.1,50000,fifo,0.500005,0.500005
twitter-KV-window2,objects,cold,0,800000,0.1,50000,lru,0.500005,0.500005
twitter-KV-window2,objects,cold,0,800000,0.1,50000,clock,0.500005,0.500005
twitter-KV-window2,objects,cold,0,800000,0.1,50000,sieve,0.5000125,0.5000125
twitter-KV-window2,objects,cold,0,800000,0.2,100001,fifo,0.500005,0.500005
twitter-KV-window2,objects,cold,0,800000,0.2,100001,lru,0.500005,0.500005
twitter-KV-window2,objects,cold,0,800000,0.2,100001,clock,0.500005,0.500005
twitter-KV-window2,objects,cold,0,800000,0.2,100001,sieve,0.50000875,0.50000875
twitter-KV-window2,objects,cold,0,800000,0.4,200003,fifo,0.500005,0.500005
twitter-KV-window2,objects,cold,0,800000,0.4,200003,lru,0.500005,0.500005
twitter-KV-window2,objects,cold,0,800000,0.4,200003,clock,0.500005,0.500005
twitter-KV-window2,objects,cold,0,800000,0.4,200003,sieve,0.50000625,0.50000625
twitter-KV-window2,objects,warm10,100000,800000,0.001,500,fifo,0.50000125,0.50000125
twitter-KV-window2,objects,warm10,100000,800000,0.001,500,lru,0.50000125,0.50000125
twitter-KV-window2,objects,warm10,100000,800000,0.001,500,clock,0.50000125,0.50000125
twitter-KV-window2,objects,warm10,100000,800000,0.001,500,sieve,0.50100375,0.50100375
twitter-KV-window2,objects,warm10,100000,800000,0.005,2500,fifo,0.50000125,0.50000125
twitter-KV-window2,objects,warm10,100000,800000,0.005,2500,lru,0.50000125,0.50000125
twitter-KV-window2,objects,warm10,100000,800000,0.005,2500,clock,0.50000125,0.50000125
twitter-KV-window2,objects,warm10,100000,800000,0.005,2500,sieve,0.500145,0.500145
twitter-KV-window2,objects,warm10,100000,800000,0.01,5000,fifo,0.50000125,0.50000125
twitter-KV-window2,objects,warm10,100000,800000,0.01,5000,lru,0.50000125,0.50000125
twitter-KV-window2,objects,warm10,100000,800000,0.01,5000,clock,0.50000125,0.50000125
twitter-KV-window2,objects,warm10,100000,800000,0.01,5000,sieve,0.50008875,0.50008875
twitter-KV-window2,objects,warm10,100000,800000,0.02,10000,fifo,0.50000125,0.50000125
twitter-KV-window2,objects,warm10,100000,800000,0.02,10000,lru,0.50000125,0.50000125
twitter-KV-window2,objects,warm10,100000,800000,0.02,10000,clock,0.50000125,0.50000125
twitter-KV-window2,objects,warm10,100000,800000,0.02,10000,sieve,0.50006125,0.50006125
twitter-KV-window2,objects,warm10,100000,800000,0.05,25000,fifo,0.50000125,0.50000125
twitter-KV-window2,objects,warm10,100000,800000,0.05,25000,lru,0.50000125,0.50000125
twitter-KV-window2,objects,warm10,100000,800000,0.05,25000,clock,0.50000125,0.50000125
twitter-KV-window2,objects,warm10,100000,800000,0.05,25000,sieve,0.5000125,0.5000125
twitter-KV-window2,objects,warm10,100000,800000,0.1,50000,fifo,0.50000125,0.50000125
twitter-KV-window2,objects,warm10,100000,800000,0.1,50000,lru,0.50000125,0.50000125
twitter-KV-window2,objects,warm10,100000,800000,0.1,50000,clock,0.50000125,0.50000125
twitter-KV-window2,objects,warm10,100000,800000,0.1,50000,sieve,0.50000875,0.50000875
twitter-KV-window2,objects,warm10,100000,800000,0.2,100001,fifo,0.50000125,0.50000125
twitter-KV-window2,objects,warm10,100000,800000,0.2,100001,lru,0.50000125,0.50000125
twitter-KV-window2,objects,warm10,100000,800000,0.2,100001,clock,0.50000125,0.50000125
twitter-KV-window2,objects,warm10,100000,800000,0.2,100001,sieve,0.5000025,0.5000025
twitter-KV-window2,objects,warm10,100000,800000,0.4,200003,fifo,0.50000125,0.50000125
twitter-KV-window2,objects,warm10,100000,800000,0.4,200003,lru,0.50000125,0.50000125
twitter-KV-window2,objects,warm10,100000,800000,0.4,200003,clock,0.50000125,0.50000125
twitter-KV-window2,objects,warm10,100000,800000,0.4,200003,sieve,0.50000375,0.50000375
twitter-KV-window2,objects,warm20,200000,800000,0.001,500,fifo,0.50000125,0.50000125
twitter-KV-window2,objects,warm20,200000,800000,0.001,500,lru,0.50000125,0.50000125
twitter-KV-window2,objects,warm20,200000,800000,0.001,500,clock,0.50000125,0.50000125
twitter-KV-window2,objects,warm20,200000,800000,0.001,500,sieve,0.50104625,0.50104625
twitter-KV-window2,objects,warm20,200000,800000,0.005,2500,fifo,0.50000125,0.50000125
twitter-KV-window2,objects,warm20,200000,800000,0.005,2500,lru,0.50000125,0.50000125
twitter-KV-window2,objects,warm20,200000,800000,0.005,2500,clock,0.50000125,0.50000125
twitter-KV-window2,objects,warm20,200000,800000,0.005,2500,sieve,0.5002275,0.5002275
twitter-KV-window2,objects,warm20,200000,800000,0.01,5000,fifo,0.50000125,0.50000125
twitter-KV-window2,objects,warm20,200000,800000,0.01,5000,lru,0.50000125,0.50000125
twitter-KV-window2,objects,warm20,200000,800000,0.01,5000,clock,0.50000125,0.50000125
twitter-KV-window2,objects,warm20,200000,800000,0.01,5000,sieve,0.50012625,0.50012625
twitter-KV-window2,objects,warm20,200000,800000,0.02,10000,fifo,0.50000125,0.50000125
twitter-KV-window2,objects,warm20,200000,800000,0.02,10000,lru,0.50000125,0.50000125
twitter-KV-window2,objects,warm20,200000,800000,0.02,10000,clock,0.50000125,0.50000125
twitter-KV-window2,objects,warm20,200000,800000,0.02,10000,sieve,0.50005375,0.50005375
twitter-KV-window2,objects,warm20,200000,800000,0.05,25000,fifo,0.50000125,0.50000125
twitter-KV-window2,objects,warm20,200000,800000,0.05,25000,lru,0.50000125,0.50000125
twitter-KV-window2,objects,warm20,200000,800000,0.05,25000,clock,0.50000125,0.50000125
twitter-KV-window2,objects,warm20,200000,800000,0.05,25000,sieve,0.50001875,0.50001875
twitter-KV-window2,objects,warm20,200000,800000,0.1,50000,fifo,0.50000125,0.50000125
twitter-KV-window2,objects,warm20,200000,800000,0.1,50000,lru,0.50000125,0.50000125
twitter-KV-window2,objects,warm20,200000,800000,0.1,50000,clock,0.50000125,0.50000125
twitter-KV-window2,objects,warm20,200000,800000,0.1,50000,sieve,0.50001625,0.50001625
twitter-KV-window2,objects,warm20,200000,800000,0.2,100001,fifo,0.50000125,0.50000125
twitter-KV-window2,objects,warm20,200000,800000,0.2,100001,lru,0.50000125,0.50000125
twitter-KV-window2,objects,warm20,200000,800000,0.2,100001,clock,0.50000125,0.50000125
twitter-KV-window2,objects,warm20,200000,800000,0.2,100001,sieve,0.50001,0.50001
twitter-KV-window2,objects,warm20,200000,800000,0.4,200003,fifo,0.50000125,0.50000125
twitter-KV-window2,objects,warm20,200000,800000,0.4,200003,lru,0.50000125,0.50000125
twitter-KV-window2,objects,warm20,200000,800000,0.4,200003,clock,0.50000125,0.50000125
twitter-KV-window2,objects,warm20,200000,800000,0.4,200003,sieve,0.5000075,0.5000075
twitter-KV-window2,bytes,cold,0,800000,0.001,11000,fifo,0.500005,0.500005
twitter-KV-window2,bytes,cold,0,800000,0.001,11000,lru,0.500005,0.500005
twitter-KV-window2,bytes,cold,0,800000,0.001,11000,clock,0.5000075,0.5000075
twitter-KV-window2,bytes,cold,0,800000,0.001,11000,sieve,0.5010025,0.5010025
twitter-KV-window2,bytes,cold,0,800000,0.005,55000,fifo,0.500005,0.500005
twitter-KV-window2,bytes,cold,0,800000,0.005,55000,lru,0.500005,0.500005
twitter-KV-window2,bytes,cold,0,800000,0.005,55000,clock,0.500005,0.500005
twitter-KV-window2,bytes,cold,0,800000,0.005,55000,sieve,0.50020875,0.50020875
twitter-KV-window2,bytes,cold,0,800000,0.01,110001,fifo,0.500005,0.500005
twitter-KV-window2,bytes,cold,0,800000,0.01,110001,lru,0.500005,0.500005
twitter-KV-window2,bytes,cold,0,800000,0.01,110001,clock,0.500005,0.500005
twitter-KV-window2,bytes,cold,0,800000,0.01,110001,sieve,0.50007,0.50007
twitter-KV-window2,bytes,cold,0,800000,0.02,220003,fifo,0.500005,0.500005
twitter-KV-window2,bytes,cold,0,800000,0.02,220003,lru,0.500005,0.500005
twitter-KV-window2,bytes,cold,0,800000,0.02,220003,clock,0.500005,0.500005
twitter-KV-window2,bytes,cold,0,800000,0.02,220003,sieve,0.50005125,0.50005125
twitter-KV-window2,bytes,cold,0,800000,0.05,550009,fifo,0.500005,0.500005
twitter-KV-window2,bytes,cold,0,800000,0.05,550009,lru,0.500005,0.500005
twitter-KV-window2,bytes,cold,0,800000,0.05,550009,clock,0.500005,0.500005
twitter-KV-window2,bytes,cold,0,800000,0.05,550009,sieve,0.5000225,0.5000225
twitter-KV-window2,bytes,cold,0,800000,0.1,1100019,fifo,0.500005,0.500005
twitter-KV-window2,bytes,cold,0,800000,0.1,1100019,lru,0.500005,0.500005
twitter-KV-window2,bytes,cold,0,800000,0.1,1100019,clock,0.500005,0.500005
twitter-KV-window2,bytes,cold,0,800000,0.1,1100019,sieve,0.5000125,0.5000125
twitter-KV-window2,bytes,cold,0,800000,0.2,2200039,fifo,0.500005,0.500005
twitter-KV-window2,bytes,cold,0,800000,0.2,2200039,lru,0.500005,0.500005
twitter-KV-window2,bytes,cold,0,800000,0.2,2200039,clock,0.500005,0.500005
twitter-KV-window2,bytes,cold,0,800000,0.2,2200039,sieve,0.50000875,0.50000875
twitter-KV-window2,bytes,cold,0,800000,0.4,4400079,fifo,0.500005,0.500005
twitter-KV-window2,bytes,cold,0,800000,0.4,4400079,lru,0.500005,0.500005
twitter-KV-window2,bytes,cold,0,800000,0.4,4400079,clock,0.500005,0.500005
twitter-KV-window2,bytes,cold,0,800000,0.4,4400079,sieve,0.50000625,0.50000625
twitter-KV-window2,bytes,warm10,100000,800000,0.001,11000,fifo,0.50000125,0.50000125
twitter-KV-window2,bytes,warm10,100000,800000,0.001,11000,lru,0.50000125,0.50000125
twitter-KV-window2,bytes,warm10,100000,800000,0.001,11000,clock,0.50000125,0.50000125
twitter-KV-window2,bytes,warm10,100000,800000,0.001,11000,sieve,0.50100375,0.50100375
twitter-KV-window2,bytes,warm10,100000,800000,0.005,55000,fifo,0.50000125,0.50000125
twitter-KV-window2,bytes,warm10,100000,800000,0.005,55000,lru,0.50000125,0.50000125
twitter-KV-window2,bytes,warm10,100000,800000,0.005,55000,clock,0.50000125,0.50000125
twitter-KV-window2,bytes,warm10,100000,800000,0.005,55000,sieve,0.500145,0.500145
twitter-KV-window2,bytes,warm10,100000,800000,0.01,110001,fifo,0.50000125,0.50000125
twitter-KV-window2,bytes,warm10,100000,800000,0.01,110001,lru,0.50000125,0.50000125
twitter-KV-window2,bytes,warm10,100000,800000,0.01,110001,clock,0.50000125,0.50000125
twitter-KV-window2,bytes,warm10,100000,800000,0.01,110001,sieve,0.50008875,0.50008875
twitter-KV-window2,bytes,warm10,100000,800000,0.02,220003,fifo,0.50000125,0.50000125
twitter-KV-window2,bytes,warm10,100000,800000,0.02,220003,lru,0.50000125,0.50000125
twitter-KV-window2,bytes,warm10,100000,800000,0.02,220003,clock,0.50000125,0.50000125
twitter-KV-window2,bytes,warm10,100000,800000,0.02,220003,sieve,0.50006125,0.50006125
twitter-KV-window2,bytes,warm10,100000,800000,0.05,550009,fifo,0.50000125,0.50000125
twitter-KV-window2,bytes,warm10,100000,800000,0.05,550009,lru,0.50000125,0.50000125
twitter-KV-window2,bytes,warm10,100000,800000,0.05,550009,clock,0.50000125,0.50000125
twitter-KV-window2,bytes,warm10,100000,800000,0.05,550009,sieve,0.5000125,0.5000125
twitter-KV-window2,bytes,warm10,100000,800000,0.1,1100019,fifo,0.50000125,0.50000125
twitter-KV-window2,bytes,warm10,100000,800000,0.1,1100019,lru,0.50000125,0.50000125
twitter-KV-window2,bytes,warm10,100000,800000,0.1,1100019,clock,0.50000125,0.50000125
twitter-KV-window2,bytes,warm10,100000,800000,0.1,1100019,sieve,0.50000875,0.50000875
twitter-KV-window2,bytes,warm10,100000,800000,0.2,2200039,fifo,0.50000125,0.50000125
twitter-KV-window2,bytes,warm10,100000,800000,0.2,2200039,lru,0.50000125,0.50000125
twitter-KV-window2,bytes,warm10,100000,800000,0.2,2200039,clock,0.50000125,0.50000125
twitter-KV-window2,bytes,warm10,100000,800000,0.2,2200039,sieve,0.5000025,0.5000025
twitter-KV-window2,bytes,warm10,100000,800000,0.4,4400079,fifo,0.50000125,0.50000125
twitter-KV-window2,bytes,warm10,100000,800000,0.4,4400079,lru,0.50000125,0.50000125
twitter-KV-window2,bytes,warm10,100000,800000,0.4,4400079,clock,0.50000125,0.50000125
twitter-KV-window2,bytes,warm10,100000,800000,0.4,4400079,sieve,0.50000375,0.50000375
twitter-KV-window2,bytes,warm20,200000,800000,0.001,11000,fifo,0.50000125,0.50000125
twitter-KV-window2,bytes,warm20,200000,800000,0.001,11000,lru,0.50000125,0.50000125
twitter-KV-window2,bytes,warm20,200000,800000,0.001,11000,clock,0.50000125,0.50000125
twitter-KV-window2,bytes,warm20,200000,800000,0.001,11000,sieve,0.50104625,0.50104625
twitter-KV-window2,bytes,warm20,200000,800000,0.005,55000,fifo,0.50000125,0.50000125
twitter-KV-window2,bytes,warm20,200000,800000,0.005,55000,lru,0.50000125,0.50000125
twitter-KV-window2,bytes,warm20,200000,800000,0.005,55000,clock,0.50000125,0.50000125
twitter-KV-window2,bytes,warm20,200000,800000,0.005,55000,sieve,0.5002275,0.5002275
twitter-KV-window2,bytes,warm20,200000,800000,0.01,110001,fifo,0.50000125,0.50000125
twitter-KV-window2,bytes,warm20,200000,800000,0.01,110001,lru,0.50000125,0.50000125
twitter-KV-window2,bytes,warm20,200000,800000,0.01,110001,clock,0.50000125,0.50000125
twitter-KV-window2,bytes,warm20,200000,800000,0.01,110001,sieve,0.50012625,0.50012625
twitter-KV-window2,bytes,warm20,200000,800000,0.02,220003,fifo,0.50000125,0.50000125
twitter-KV-window2,bytes,warm20,200000,800000,0.02,220003,lru,0.50000125,0.50000125
twitter-KV-window2,bytes,warm20,200000,800000,0.02,220003,clock,0.50000125,0.50000125
twitter-KV-window2,bytes,warm20,200000,800000,0.02,220003,sieve,0.50005375,0.50005375
twitter-KV-window2,bytes,warm20,200000,800000,0.05,550009,fifo,0.50000125,0.50000125
twitter-KV-window2,bytes,warm20,200000,800000,0.05,550009,lru,0.50000125,0.50000125
twitter-KV-window2,bytes,warm20,200000,800000,0.05,550009,clock,0.50000125,0.50000125
twitter-KV-window2,bytes,warm20,200000,800000,0.05,550009,sieve,0.50001875,0.50001875
twitter-KV-window2,bytes,warm20,200000,800000,0.1,1100019,fifo,0.50000125,0.50000125
twitter-KV-window2,bytes,warm20,200000,800000,0.1,1100019,lru,0.50000125,0.50000125
twitter-KV-window2,bytes,warm20,200000,800000,0.1,1100019,clock,0.50000125,0.50000125
twitter-KV-window2,bytes,warm20,200000,800000,0.1,1100019,sieve,0.50001625,0.50001625
twitter-KV-window2,bytes,warm20,200000,800000,0.2,2200039,fifo,0.50000125,0.50000125
twitter-KV-window2,bytes,warm20,200000,800000,0.2,2200039,lru,0.50000125,0.50000125
twitter-KV-window2,bytes,warm20,200000,800000,0.2,2200039,clock,0.50000125,0.50000125
twitter-KV-window2,bytes,warm20,200000,800000,0.2,2200039,sieve,0.50001,0.50001
twitter-KV-window2,bytes,warm20,200000,800000,0.4,4400079,fifo,0.50000125,0.50000125
twitter-KV-window2,bytes,warm20,200000,800000,0.4,4400079,lru,0.50000125,0.50000125
twitter-KV-window2,bytes,warm20,200000,800000,0.4,4400079,clock,0.50000125,0.50000125
twitter-KV-window2,bytes,warm20,200000,800000,0.4,4400079,sieve,0.5000075,0.5000075
twitter-KV-window3,objects,cold,0,800000,0.001,500,fifo,0.50004,0.50004
twitter-KV-window3,objects,cold,0,800000,0.001,500,lru,0.50004,0.50004
twitter-KV-window3,objects,cold,0,800000,0.001,500,clock,0.50004125,0.50004125
twitter-KV-window3,objects,cold,0,800000,0.001,500,sieve,0.5009725,0.5009725
twitter-KV-window3,objects,cold,0,800000,0.005,2500,fifo,0.50004,0.50004
twitter-KV-window3,objects,cold,0,800000,0.005,2500,lru,0.50004,0.50004
twitter-KV-window3,objects,cold,0,800000,0.005,2500,clock,0.50004,0.50004
twitter-KV-window3,objects,cold,0,800000,0.005,2500,sieve,0.50019625,0.50019625
twitter-KV-window3,objects,cold,0,800000,0.01,5000,fifo,0.50004,0.50004
twitter-KV-window3,objects,cold,0,800000,0.01,5000,lru,0.50004,0.50004
twitter-KV-window3,objects,cold,0,800000,0.01,5000,clock,0.50004,0.50004
twitter-KV-window3,objects,cold,0,800000,0.01,5000,sieve,0.5001375,0.5001375
twitter-KV-window3,objects,cold,0,800000,0.02,10000,fifo,0.50004,0.50004
twitter-KV-window3,objects,cold,0,800000,0.02,10000,lru,0.50004,0.50004
twitter-KV-window3,objects,cold,0,800000,0.02,10000,clock,0.50004,0.50004
twitter-KV-window3,objects,cold,0,800000,0.02,10000,sieve,0.50008875,0.50008875
twitter-KV-window3,objects,cold,0,800000,0.05,25002,fifo,0.50004,0.50004
twitter-KV-window3,objects,cold,0,800000,0.05,25002,lru,0.50004,0.50004
twitter-KV-window3,objects,cold,0,800000,0.05,25002,clock,0.50004,0.50004
twitter-KV-window3,objects,cold,0,800000,0.05,25002,sieve,0.50005625,0.50005625
twitter-KV-window3,objects,cold,0,800000,0.1,50004,fifo,0.50004,0.50004
twitter-KV-window3,objects,cold,0,800000,0.1,50004,lru,0.50004,0.50004
twitter-KV-window3,objects,cold,0,800000,0.1,50004,clock,0.50004,0.50004
twitter-KV-window3,objects,cold,0,800000,0.1,50004,sieve,0.50004125,0.50004125
twitter-KV-window3,objects,cold,0,800000,0.2,100009,fifo,0.50004,0.50004
twitter-KV-window3,objects,cold,0,800000,0.2,100009,lru,0.50004,0.50004
twitter-KV-window3,objects,cold,0,800000,0.2,100009,clock,0.50004,0.50004
twitter-KV-window3,objects,cold,0,800000,0.2,100009,sieve,0.50004,0.50004
twitter-KV-window3,objects,cold,0,800000,0.4,200019,fifo,0.50004,0.50004
twitter-KV-window3,objects,cold,0,800000,0.4,200019,lru,0.50004,0.50004
twitter-KV-window3,objects,cold,0,800000,0.4,200019,clock,0.50004,0.50004
twitter-KV-window3,objects,cold,0,800000,0.4,200019,sieve,0.50004125,0.50004125
twitter-KV-window3,objects,warm10,100000,800000,0.001,500,fifo,0.50004,0.50004
twitter-KV-window3,objects,warm10,100000,800000,0.001,500,lru,0.50004,0.50004
twitter-KV-window3,objects,warm10,100000,800000,0.001,500,clock,0.50004,0.50004
twitter-KV-window3,objects,warm10,100000,800000,0.001,500,sieve,0.50091125,0.50091125
twitter-KV-window3,objects,warm10,100000,800000,0.005,2500,fifo,0.50004,0.50004
twitter-KV-window3,objects,warm10,100000,800000,0.005,2500,lru,0.50004,0.50004
twitter-KV-window3,objects,warm10,100000,800000,0.005,2500,clock,0.50004,0.50004
twitter-KV-window3,objects,warm10,100000,800000,0.005,2500,sieve,0.5001975,0.5001975
twitter-KV-window3,objects,warm10,100000,800000,0.01,5000,fifo,0.50004,0.50004
twitter-KV-window3,objects,warm10,100000,800000,0.01,5000,lru,0.50004,0.50004
twitter-KV-window3,objects,warm10,100000,800000,0.01,5000,clock,0.50004,0.50004
twitter-KV-window3,objects,warm10,100000,800000,0.01,5000,sieve,0.5001375,0.5001375
twitter-KV-window3,objects,warm10,100000,800000,0.02,10000,fifo,0.50004,0.50004
twitter-KV-window3,objects,warm10,100000,800000,0.02,10000,lru,0.50004,0.50004
twitter-KV-window3,objects,warm10,100000,800000,0.02,10000,clock,0.50004,0.50004
twitter-KV-window3,objects,warm10,100000,800000,0.02,10000,sieve,0.50009125,0.50009125
twitter-KV-window3,objects,warm10,100000,800000,0.05,25002,fifo,0.50004,0.50004
twitter-KV-window3,objects,warm10,100000,800000,0.05,25002,lru,0.50004,0.50004
twitter-KV-window3,objects,warm10,100000,800000,0.05,25002,clock,0.50004,0.50004
twitter-KV-window3,objects,warm10,100000,800000,0.05,25002,sieve,0.5000675,0.5000675
twitter-KV-window3,objects,warm10,100000,800000,0.1,50004,fifo,0.50004,0.50004
twitter-KV-window3,objects,warm10,100000,800000,0.1,50004,lru,0.50004,0.50004
twitter-KV-window3,objects,warm10,100000,800000,0.1,50004,clock,0.50004,0.50004
twitter-KV-window3,objects,warm10,100000,800000,0.1,50004,sieve,0.50005375,0.50005375
twitter-KV-window3,objects,warm10,100000,800000,0.2,100009,fifo,0.50004,0.50004
twitter-KV-window3,objects,warm10,100000,800000,0.2,100009,lru,0.50004,0.50004
twitter-KV-window3,objects,warm10,100000,800000,0.2,100009,clock,0.50004,0.50004
twitter-KV-window3,objects,warm10,100000,800000,0.2,100009,sieve,0.5000425,0.5000425
twitter-KV-window3,objects,warm10,100000,800000,0.4,200019,fifo,0.50004,0.50004
twitter-KV-window3,objects,warm10,100000,800000,0.4,200019,lru,0.50004,0.50004
twitter-KV-window3,objects,warm10,100000,800000,0.4,200019,clock,0.50004,0.50004
twitter-KV-window3,objects,warm10,100000,800000,0.4,200019,sieve,0.5000425,0.5000425
twitter-KV-window3,objects,warm20,200000,800000,0.001,500,fifo,0.50004,0.50004
twitter-KV-window3,objects,warm20,200000,800000,0.001,500,lru,0.50004,0.50004
twitter-KV-window3,objects,warm20,200000,800000,0.001,500,clock,0.50004,0.50004
twitter-KV-window3,objects,warm20,200000,800000,0.001,500,sieve,0.50091875,0.50091875
twitter-KV-window3,objects,warm20,200000,800000,0.005,2500,fifo,0.50004,0.50004
twitter-KV-window3,objects,warm20,200000,800000,0.005,2500,lru,0.50004,0.50004
twitter-KV-window3,objects,warm20,200000,800000,0.005,2500,clock,0.50004,0.50004
twitter-KV-window3,objects,warm20,200000,800000,0.005,2500,sieve,0.5001875,0.5001875
twitter-KV-window3,objects,warm20,200000,800000,0.01,5000,fifo,0.50004,0.50004
twitter-KV-window3,objects,warm20,200000,800000,0.01,5000,lru,0.50004,0.50004
twitter-KV-window3,objects,warm20,200000,800000,0.01,5000,clock,0.50004,0.50004
twitter-KV-window3,objects,warm20,200000,800000,0.01,5000,sieve,0.500115,0.500115
twitter-KV-window3,objects,warm20,200000,800000,0.02,10000,fifo,0.50004,0.50004
twitter-KV-window3,objects,warm20,200000,800000,0.02,10000,lru,0.50004,0.50004
twitter-KV-window3,objects,warm20,200000,800000,0.02,10000,clock,0.50004,0.50004
twitter-KV-window3,objects,warm20,200000,800000,0.02,10000,sieve,0.5000825,0.5000825
twitter-KV-window3,objects,warm20,200000,800000,0.05,25002,fifo,0.50004,0.50004
twitter-KV-window3,objects,warm20,200000,800000,0.05,25002,lru,0.50004,0.50004
twitter-KV-window3,objects,warm20,200000,800000,0.05,25002,clock,0.50004,0.50004
twitter-KV-window3,objects,warm20,200000,800000,0.05,25002,sieve,0.50006,0.50006
twitter-KV-window3,objects,warm20,200000,800000,0.1,50004,fifo,0.50004,0.50004
twitter-KV-window3,objects,warm20,200000,800000,0.1,50004,lru,0.50004,0.50004
twitter-KV-window3,objects,warm20,200000,800000,0.1,50004,clock,0.50004,0.50004
twitter-KV-window3,objects,warm20,200000,800000,0.1,50004,sieve,0.5000475,0.5000475
twitter-KV-window3,objects,warm20,200000,800000,0.2,100009,fifo,0.50004,0.50004
twitter-KV-window3,objects,warm20,200000,800000,0.2,100009,lru,0.50004,0.50004
twitter-KV-window3,objects,warm20,200000,800000,0.2,100009,clock,0.50004,0.50004
twitter-KV-window3,objects,warm20,200000,800000,0.2,100009,sieve,0.500045,0.500045
twitter-KV-window3,objects,warm20,200000,800000,0.4,200019,fifo,0.50004,0.50004
twitter-KV-window3,objects,warm20,200000,800000,0.4,200019,lru,0.50004,0.50004
twitter-KV-window3,objects,warm20,200000,800000,0.4,200019,clock,0.50004,0.50004
twitter-KV-window3,objects,warm20,200000,800000,0.4,200019,sieve,0.5000425,0.5000425
twitter-KV-window3,bytes,cold,0,800000,0.001,11001,fifo,0.50004,0.50004
twitter-KV-window3,bytes,cold,0,800000,0.001,11001,lru,0.50004,0.50004
twitter-KV-window3,bytes,cold,0,800000,0.001,11001,clock,0.50004125,0.50004125
twitter-KV-window3,bytes,cold,0,800000,0.001,11001,sieve,0.5009725,0.5009725
twitter-KV-window3,bytes,cold,0,800000,0.005,55005,fifo,0.50004,0.50004
twitter-KV-window3,bytes,cold,0,800000,0.005,55005,lru,0.50004,0.50004
twitter-KV-window3,bytes,cold,0,800000,0.005,55005,clock,0.50004,0.50004
twitter-KV-window3,bytes,cold,0,800000,0.005,55005,sieve,0.50019625,0.50019625
twitter-KV-window3,bytes,cold,0,800000,0.01,110010,fifo,0.50004,0.50004
twitter-KV-window3,bytes,cold,0,800000,0.01,110010,lru,0.50004,0.50004
twitter-KV-window3,bytes,cold,0,800000,0.01,110010,clock,0.50004,0.50004
twitter-KV-window3,bytes,cold,0,800000,0.01,110010,sieve,0.5001375,0.5001375
twitter-KV-window3,bytes,cold,0,800000,0.02,220021,fifo,0.50004,0.50004
twitter-KV-window3,bytes,cold,0,800000,0.02,220021,lru,0.50004,0.50004
twitter-KV-window3,bytes,cold,0,800000,0.02,220021,clock,0.50004,0.50004
twitter-KV-window3,bytes,cold,0,800000,0.02,220021,sieve,0.50008875,0.50008875
twitter-KV-window3,bytes,cold,0,800000,0.05,550053,fifo,0.50004,0.50004
twitter-KV-window3,bytes,cold,0,800000,0.05,550053,lru,0.50004,0.50004
twitter-KV-window3,bytes,cold,0,800000,0.05,550053,clock,0.50004,0.50004
twitter-KV-window3,bytes,cold,0,800000,0.05,550053,sieve,0.50005625,0.50005625
twitter-KV-window3,bytes,cold,0,800000,0.1,1100107,fifo,0.50004,0.50004
twitter-KV-window3,bytes,cold,0,800000,0.1,1100107,lru,0.50004,0.50004
twitter-KV-window3,bytes,cold,0,800000,0.1,1100107,clock,0.50004,0.50004
twitter-KV-window3,bytes,cold,0,800000,0.1,1100107,sieve,0.50004125,0.50004125
twitter-KV-window3,bytes,cold,0,800000,0.2,2200215,fifo,0.50004,0.50004
twitter-KV-window3,bytes,cold,0,800000,0.2,2200215,lru,0.50004,0.50004
twitter-KV-window3,bytes,cold,0,800000,0.2,2200215,clock,0.50004,0.50004
twitter-KV-window3,bytes,cold,0,800000,0.2,2200215,sieve,0.50004,0.50004
twitter-KV-window3,bytes,cold,0,800000,0.4,4400431,fifo,0.50004,0.50004
twitter-KV-window3,bytes,cold,0,800000,0.4,4400431,lru,0.50004,0.50004
twitter-KV-window3,bytes,cold,0,800000,0.4,4400431,clock,0.50004,0.50004
twitter-KV-window3,bytes,cold,0,800000,0.4,4400431,sieve,0.50004125,0.50004125
twitter-KV-window3,bytes,warm10,100000,800000,0.001,11001,fifo,0.50004,0.50004
twitter-KV-window3,bytes,warm10,100000,800000,0.001,11001,lru,0.50004,0.50004
twitter-KV-window3,bytes,warm10,100000,800000,0.001,11001,clock,0.50004,0.50004
twitter-KV-window3,bytes,warm10,100000,800000,0.001,11001,sieve,0.50091125,0.50091125
twitter-KV-window3,bytes,warm10,100000,800000,0.005,55005,fifo,0.50004,0.50004
twitter-KV-window3,bytes,warm10,100000,800000,0.005,55005,lru,0.50004,0.50004
twitter-KV-window3,bytes,warm10,100000,800000,0.005,55005,clock,0.50004,0.50004
twitter-KV-window3,bytes,warm10,100000,800000,0.005,55005,sieve,0.5001975,0.5001975
twitter-KV-window3,bytes,warm10,100000,800000,0.01,110010,fifo,0.50004,0.50004
twitter-KV-window3,bytes,warm10,100000,800000,0.01,110010,lru,0.50004,0.50004
twitter-KV-window3,bytes,warm10,100000,800000,0.01,110010,clock,0.50004,0.50004
twitter-KV-window3,bytes,warm10,100000,800000,0.01,110010,sieve,0.5001375,0.5001375
twitter-KV-window3,bytes,warm10,100000,800000,0.02,220021,fifo,0.50004,0.50004
twitter-KV-window3,bytes,warm10,100000,800000,0.02,220021,lru,0.50004,0.50004
twitter-KV-window3,bytes,warm10,100000,800000,0.02,220021,clock,0.50004,0.50004
twitter-KV-window3,bytes,warm10,100000,800000,0.02,220021,sieve,0.50009125,0.50009125
twitter-KV-window3,bytes,warm10,100000,800000,0.05,550053,fifo,0.50004,0.50004
twitter-KV-window3,bytes,warm10,100000,800000,0.05,550053,lru,0.50004,0.50004
twitter-KV-window3,bytes,warm10,100000,800000,0.05,550053,clock,0.50004,0.50004
twitter-KV-window3,bytes,warm10,100000,800000,0.05,550053,sieve,0.5000675,0.5000675
twitter-KV-window3,bytes,warm10,100000,800000,0.1,1100107,fifo,0.50004,0.50004
twitter-KV-window3,bytes,warm10,100000,800000,0.1,1100107,lru,0.50004,0.50004
twitter-KV-window3,bytes,warm10,100000,800000,0.1,1100107,clock,0.50004,0.50004
twitter-KV-window3,bytes,warm10,100000,800000,0.1,1100107,sieve,0.50005375,0.50005375
twitter-KV-window3,bytes,warm10,100000,800000,0.2,2200215,fifo,0.50004,0.50004
twitter-KV-window3,bytes,warm10,100000,800000,0.2,2200215,lru,0.50004,0.50004
twitter-KV-window3,bytes,warm10,100000,800000,0.2,2200215,clock,0.50004,0.50004
twitter-KV-window3,bytes,warm10,100000,800000,0.2,2200215,sieve,0.5000425,0.5000425
twitter-KV-window3,bytes,warm10,100000,800000,0.4,4400431,fifo,0.50004,0.50004
twitter-KV-window3,bytes,warm10,100000,800000,0.4,4400431,lru,0.50004,0.50004
twitter-KV-window3,bytes,warm10,100000,800000,0.4,4400431,clock,0.50004,0.50004
twitter-KV-window3,bytes,warm10,100000,800000,0.4,4400431,sieve,0.5000425,0.5000425
twitter-KV-window3,bytes,warm20,200000,800000,0.001,11001,fifo,0.50004,0.50004
twitter-KV-window3,bytes,warm20,200000,800000,0.001,11001,lru,0.50004,0.50004
twitter-KV-window3,bytes,warm20,200000,800000,0.001,11001,clock,0.50004,0.50004
twitter-KV-window3,bytes,warm20,200000,800000,0.001,11001,sieve,0.50091875,0.50091875
twitter-KV-window3,bytes,warm20,200000,800000,0.005,55005,fifo,0.50004,0.50004
twitter-KV-window3,bytes,warm20,200000,800000,0.005,55005,lru,0.50004,0.50004
twitter-KV-window3,bytes,warm20,200000,800000,0.005,55005,clock,0.50004,0.50004
twitter-KV-window3,bytes,warm20,200000,800000,0.005,55005,sieve,0.5001875,0.5001875
twitter-KV-window3,bytes,warm20,200000,800000,0.01,110010,fifo,0.50004,0.50004
twitter-KV-window3,bytes,warm20,200000,800000,0.01,110010,lru,0.50004,0.50004
twitter-KV-window3,bytes,warm20,200000,800000,0.01,110010,clock,0.50004,0.50004
twitter-KV-window3,bytes,warm20,200000,800000,0.01,110010,sieve,0.500115,0.500115
twitter-KV-window3,bytes,warm20,200000,800000,0.02,220021,fifo,0.50004,0.50004
twitter-KV-window3,bytes,warm20,200000,800000,0.02,220021,lru,0.50004,0.50004
twitter-KV-window3,bytes,warm20,200000,800000,0.02,220021,clock,0.50004,0.50004
twitter-KV-window3,bytes,warm20,200000,800000,0.02,220021,sieve,0.5000825,0.5000825
twitter-KV-window3,bytes,warm20,200000,800000,0.05,550053,fifo,0.50004,0.50004
twitter-KV-window3,bytes,warm20,200000,800000,0.05,550053,lru,0.50004,0.50004
twitter-KV-window3,bytes,warm20,200000,800000,0.05,550053,clock,0.50004,0.50004
twitter-KV-window3,bytes,warm20,200000,800000,0.05,550053,sieve,0.50006,0.50006
twitter-KV-window3,bytes,warm20,200000,800000,0.1,1100107,fifo,0.50004,0.50004
twitter-KV-window3,bytes,warm20,200000,800000,0.1,1100107,lru,0.50004,0.50004
twitter-KV-window3,bytes,warm20,200000,800000,0.1,1100107,clock,0.50004,0.50004
twitter-KV-window3,bytes,warm20,200000,800000,0.1,1100107,sieve,0.5000475,0.5000475
twitter-KV-window3,bytes,warm20,200000,800000,0.2,2200215,fifo,0.50004,0.50004
twitter-KV-window3,bytes,warm20,200000,800000,0.2,2200215,lru,0.50004,0.50004
twitter-KV-window3,bytes,warm20,200000,800000,0.2,2200215,clock,0.50004,0.50004
twitter-KV-window3,bytes,warm20,200000,800000,0.2,2200215,sieve,0.500045,0.500045
twitter-KV-window3,bytes,warm20,200000,800000,0.4,4400431,fifo,0.50004,0.50004
twitter-KV-window3,bytes,warm20,200000,800000,0.4,4400431,lru,0.50004,0.50004
twitter-KV-window3,bytes,warm20,200000,800000,0.4,4400431,clock,0.50004,0.50004
twitter-KV-window3,bytes,warm20,200000,800000,0.4,4400431,sieve,0.5000425,0.5000425
meta-CDN-window1,objects,cold,0,800000,0.001,381,fifo,0.5134025,0.5134025
meta-CDN-window1,objects,cold,0,800000,0.001,381,lru,0.50350375,0.50350375
meta-CDN-window1,objects,cold,0,800000,0.001,381,clock,0.50221375,0.50221375
meta-CDN-window1,objects,cold,0,800000,0.001,381,sieve,0.50186375,0.50186375
meta-CDN-window1,objects,cold,0,800000,0.005,1907,fifo,0.4812825,0.4812825
meta-CDN-window1,objects,cold,0,800000,0.005,1907,lru,0.47462125,0.47462125
meta-CDN-window1,objects,cold,0,800000,0.005,1907,clock,0.473715,0.473715
meta-CDN-window1,objects,cold,0,800000,0.005,1907,sieve,0.468525,0.468525
meta-CDN-window1,objects,cold,0,800000,0.01,3814,fifo,0.46779125,0.46779125
meta-CDN-window1,objects,cold,0,800000,0.01,3814,lru,0.46131125,0.46131125
meta-CDN-window1,objects,cold,0,800000,0.01,3814,clock,0.4602225,0.4602225
meta-CDN-window1,objects,cold,0,800000,0.01,3814,sieve,0.4530775,0.4530775
meta-CDN-window1,objects,cold,0,800000,0.02,7628,fifo,0.45367625,0.45367625
meta-CDN-window1,objects,cold,0,800000,0.02,7628,lru,0.446635,0.446635
meta-CDN-window1,objects,cold,0,800000,0.02,7628,clock,0.44518125,0.44518125
meta-CDN-window1,objects,cold,0,800000,0.02,7628,sieve,0.4382375,0.4382375
meta-CDN-window1,objects,cold,0,800000,0.05,19071,fifo,0.43391875,0.43391875
meta-CDN-window1,objects,cold,0,800000,0.05,19071,lru,0.425615,0.425615
meta-CDN-window1,objects,cold,0,800000,0.05,19071,clock,0.42424875,0.42424875
meta-CDN-window1,objects,cold,0,800000,0.05,19071,sieve,0.420925,0.420925
meta-CDN-window1,objects,cold,0,800000,0.1,38143,fifo,0.41848125,0.41848125
meta-CDN-window1,objects,cold,0,800000,0.1,38143,lru,0.41087875,0.41087875
meta-CDN-window1,objects,cold,0,800000,0.1,38143,clock,0.4098375,0.4098375
meta-CDN-window1,objects,cold,0,800000,0.1,38143,sieve,0.40884,0.40884
meta-CDN-window1,objects,cold,0,800000,0.2,76286,fifo,0.40499875,0.40499875
meta-CDN-window1,objects,cold,0,800000,0.2,76286,lru,0.3985125,0.3985125
meta-CDN-window1,objects,cold,0,800000,0.2,76286,clock,0.39786125,0.39786125
meta-CDN-window1,objects,cold,0,800000,0.2,76286,sieve,0.39783,0.39783
meta-CDN-window1,objects,cold,0,800000,0.4,152572,fifo,0.39256,0.39256
meta-CDN-window1,objects,cold,0,800000,0.4,152572,lru,0.38843375,0.38843375
meta-CDN-window1,objects,cold,0,800000,0.4,152572,clock,0.3882825,0.3882825
meta-CDN-window1,objects,cold,0,800000,0.4,152572,sieve,0.38815375,0.38815375
meta-CDN-window1,objects,warm10,100000,800000,0.001,381,fifo,0.51339625,0.51339625
meta-CDN-window1,objects,warm10,100000,800000,0.001,381,lru,0.50349,0.50349
meta-CDN-window1,objects,warm10,100000,800000,0.001,381,clock,0.50219875,0.50219875
meta-CDN-window1,objects,warm10,100000,800000,0.001,381,sieve,0.5016525,0.5016525
meta-CDN-window1,objects,warm10,100000,800000,0.005,1907,fifo,0.4812375,0.4812375
meta-CDN-window1,objects,warm10,100000,800000,0.005,1907,lru,0.47454875,0.47454875
meta-CDN-window1,objects,warm10,100000,800000,0.005,1907,clock,0.47363125,0.47363125
meta-CDN-window1,objects,warm10,100000,800000,0.005,1907,sieve,0.468075,0.468075
meta-CDN-window1,objects,warm10,100000,800000,0.01,3814,fifo,0.4676925,0.4676925
meta-CDN-window1,objects,warm10,100000,800000,0.01,3814,lru,0.4611625,0.4611625
meta-CDN-window1,objects,warm10,100000,800000,0.01,3814,clock,0.4600525,0.4600525
meta-CDN-window1,objects,warm10,100000,800000,0.01,3814,sieve,0.45187125,0.45187125
meta-CDN-window1,objects,warm10,100000,800000,0.02,7628,fifo,0.45345375,0.45345375
meta-CDN-window1,objects,warm10,100000,800000,0.02,7628,lru,0.44629,0.44629
meta-CDN-window1,objects,warm10,100000,800000,0.02,7628,clock,0.44479,0.44479
meta-CDN-window1,objects,warm10,100000,800000,0.02,7628,sieve,0.437215,0.437215
meta-CDN-window1,objects,warm10,100000,800000,0.05,19071,fifo,0.43313375,0.43313375
meta-CDN-window1,objects,warm10,100000,800000,0.05,19071,lru,0.42416875,0.42416875
meta-CDN-window1,objects,warm10,100000,800000,0.05,19071,clock,0.42275125,0.42275125
meta-CDN-window1,objects,warm10,100000,800000,0.05,19071,sieve,0.42026,0.42026
meta-CDN-window1,objects,warm10,100000,800000,0.1,38143,fifo,0.4166975,0.4166975
meta-CDN-window1,objects,warm10,100000,800000,0.1,38143,lru,0.40820875,0.40820875
meta-CDN-window1,objects,warm10,100000,800000,0.1,38143,clock,0.40700875,0.40700875
meta-CDN-window1,objects,warm10,100000,800000,0.1,38143,sieve,0.4060975,0.4060975
meta-CDN-window1,objects,warm10,100000,800000,0.2,76286,fifo,0.401485,0.401485
meta-CDN-window1,objects,warm10,100000,800000,0.2,76286,lru,0.39403875,0.39403875
meta-CDN-window1,objects,warm10,100000,800000,0.2,76286,clock,0.39327625,0.39327625
meta-CDN-window1,objects,warm10,100000,800000,0.2,76286,sieve,0.39456875,0.39456875
meta-CDN-window1,objects,warm10,100000,800000,0.4,152572,fifo,0.38726125,0.38726125
meta-CDN-window1,objects,warm10,100000,800000,0.4,152572,lru,0.38205125,0.38205125
meta-CDN-window1,objects,warm10,100000,800000,0.4,152572,clock,0.3819175,0.3819175
meta-CDN-window1,objects,warm10,100000,800000,0.4,152572,sieve,0.38170375,0.38170375
meta-CDN-window1,objects,warm20,200000,800000,0.001,381,fifo,0.5133975,0.5133975
meta-CDN-window1,objects,warm20,200000,800000,0.001,381,lru,0.50349,0.50349
meta-CDN-window1,objects,warm20,200000,800000,0.001,381,clock,0.50219875,0.50219875
meta-CDN-window1,objects,warm20,200000,800000,0.001,381,sieve,0.50184875,0.50184875
meta-CDN-window1,objects,warm20,200000,800000,0.005,1907,fifo,0.48123625,0.48123625
meta-CDN-window1,objects,warm20,200000,800000,0.005,1907,lru,0.47454875,0.47454875
meta-CDN-window1,objects,warm20,200000,800000,0.005,1907,clock,0.47363375,0.47363375
meta-CDN-window1,objects,warm20,200000,800000,0.005,1907,sieve,0.4684025,0.4684025
meta-CDN-window1,objects,warm20,200000,800000,0.01,3814,fifo,0.46769375,0.46769375
meta-CDN-window1,objects,warm20,200000,800000,0.01,3814,lru,0.4611625,0.4611625
meta-CDN-window1,objects,warm20,200000,800000,0.01,3814,clock,0.460055,0.460055
meta-CDN-window1,objects,warm20,200000,800000,0.01,3814,sieve,0.451825,0.451825
meta-CDN-window1,objects,warm20,200000,800000,0.02,7628,fifo,0.45345375,0.45345375
meta-CDN-window1,objects,warm20,200000,800000,0.02,7628,lru,0.44629,0.44629
meta-CDN-window1,objects,warm20,200000,800000,0.02,7628,clock,0.44478375,0.44478375
meta-CDN-window1,objects,warm20,200000,800000,0.02,7628,sieve,0.43743875,0.43743875
meta-CDN-window1,objects,warm20,200000,800000,0.05,19071,fifo,0.43313375,0.43313375
meta-CDN-window1,objects,warm20,200000,800000,0.05,19071,lru,0.42416875,0.42416875
meta-CDN-window1,objects,warm20,200000,800000,0.05,19071,clock,0.42276875,0.42276875
meta-CDN-window1,objects,warm20,200000,800000,0.05,19071,sieve,0.41845875,0.41845875
meta-CDN-window1,objects,warm20,200000,800000,0.1,38143,fifo,0.4166475,0.4166475
meta-CDN-window1,objects,warm20,200000,800000,0.1,38143,lru,0.40820875,0.40820875
meta-CDN-window1,objects,warm20,200000,800000,0.1,38143,clock,0.4069525,0.4069525
meta-CDN-window1,objects,warm20,200000,800000,0.1,38143,sieve,0.407075,0.407075
meta-CDN-window1,objects,warm20,200000,800000,0.2,76286,fifo,0.40161625,0.40161625
meta-CDN-window1,objects,warm20,200000,800000,0.2,76286,lru,0.3934925,0.3934925
meta-CDN-window1,objects,warm20,200000,800000,0.2,76286,clock,0.39260625,0.39260625
meta-CDN-window1,objects,warm20,200000,800000,0.2,76286,sieve,0.39589875,0.39589875
meta-CDN-window1,objects,warm20,200000,800000,0.4,152572,fifo,0.385325,0.385325
meta-CDN-window1,objects,warm20,200000,800000,0.4,152572,lru,0.37910625,0.37910625
meta-CDN-window1,objects,warm20,200000,800000,0.4,152572,clock,0.378895,0.378895
meta-CDN-window1,objects,warm20,200000,800000,0.4,152572,sieve,0.378585,0.378585
meta-CDN-window1,bytes,cold,0,800000,0.001,6323038860,fifo,0.5062975,0.2639011765
meta-CDN-window1,bytes,cold,0,800000,0.001,6323038860,lru,0.5018675,0.2518804261
meta-CDN-window1,bytes,cold,0,800000,0.001,6323038860,clock,0.5075825,0.2585182099
meta-CDN-window1,bytes,cold,0,800000,0.001,6323038860,sieve,0.50461375,0.2501433357
meta-CDN-window1,bytes,cold,0,800000,0.005,31615194300,fifo,0.4774475,0.234922138
meta-CDN-window1,bytes,cold,0,800000,0.005,31615194300,lru,0.47214,0.227659512
meta-CDN-window1,bytes,cold,0,800000,0.005,31615194300,clock,0.47587625,0.2282291501
meta-CDN-window1,bytes,cold,0,800000,0.005,31615194300,sieve,0.47424375,0.2266147932
meta-CDN-window1,bytes,cold,0,800000,0.01,63230388600,fifo,0.46435,0.2282737822
meta-CDN-window1,bytes,cold,0,800000,0.01,63230388600,lru,0.4585775,0.2244771958
meta-CDN-window1,bytes,cold,0,800000,0.01,63230388600,clock,0.46231125,0.2245878629
meta-CDN-window1,bytes,cold,0,800000,0.01,63230388600,sieve,0.4608,0.2239267974
meta-CDN-window1,bytes,cold,0,800000,0.02,126460777200,fifo,0.45051875,0.2238338264
meta-CDN-window1,bytes,cold,0,800000,0.02,126460777200,lru,0.44395375,0.2211116678
meta-CDN-window1,bytes,cold,0,800000,0.02,126460777200,clock,0.44738375,0.2211576738
meta-CDN-window1,bytes,cold,0,800000,0.02,126460777200,sieve,0.44487875,0.220608631
meta-CDN-window1,bytes,cold,0,800000,0.05,316151943000,fifo,0.43041875,0.216521077
meta-CDN-window1,bytes,cold,0,800000,0.05,316151943000,lru,0.42234625,0.2145325119
meta-CDN-window1,bytes,cold,0,800000,0.05,316151943000,clock,0.4258925,0.2145434436
meta-CDN-window1,bytes,cold,0,800000,0.05,316151943000,sieve,0.42546625,0.2143538119
meta-CDN-window1,bytes,cold,0,800000,0.1,632303886001,fifo,0.41595625,0.211738221
meta-CDN-window1,bytes,cold,0,800000,0.1,632303886001,lru,0.40863375,0.2097935775
meta-CDN-window1,bytes,cold,0,800000,0.1,632303886001,clock,0.41119,0.2104976047
meta-CDN-window1,bytes,cold,0,800000,0.1,632303886001,sieve,0.41228375,0.2109354508
meta-CDN-window1,bytes,cold,0,800000,0.2,1264607772002,fifo,0.40299625,0.2088588289
meta-CDN-window1,bytes,cold,0,800000,0.2,1264607772002,lru,0.3967875,0.2068237386
meta-CDN-window1,bytes,cold,0,800000,0.2,1264607772002,clock,0.39917125,0.2071908394
meta-CDN-window1,bytes,cold,0,800000,0.2,1264607772002,sieve,0.3996675,0.2068948049
meta-CDN-window1,bytes,cold,0,800000,0.4,2529215544004,fifo,0.3914325,0.2047701626
meta-CDN-window1,bytes,cold,0,800000,0.4,2529215544004,lru,0.3875525,0.2035343389
meta-CDN-window1,bytes,cold,0,800000,0.4,2529215544004,clock,0.3892825,0.2043629993
meta-CDN-window1,bytes,cold,0,800000,0.4,2529215544004,sieve,0.38977375,0.2042772809
meta-CDN-window1,bytes,warm10,100000,800000,0.001,6323038860,fifo,0.50627875,0.2638123861
meta-CDN-window1,bytes,warm10,100000,800000,0.001,6323038860,lru,0.5018525,0.25179164
meta-CDN-window1,bytes,warm10,100000,800000,0.001,6323038860,clock,0.50757,0.2584752228
meta-CDN-window1,bytes,warm10,100000,800000,0.001,6323038860,sieve,0.50460125,0.2501462391
meta-CDN-window1,bytes,warm10,100000,800000,0.005,31615194300,fifo,0.47736875,0.2347744689
meta-CDN-window1,bytes,warm10,100000,800000,0.005,31615194300,lru,0.47204125,0.2275375804
meta-CDN-window1,bytes,warm10,100000,800000,0.005,31615194300,clock,0.47579,0.2281483514
meta-CDN-window1,bytes,warm10,100000,800000,0.005,31615194300,sieve,0.47409875,0.2264912785
meta-CDN-window1,bytes,warm10,100000,800000,0.01,63230388600,fifo,0.4642025,0.2281683686
meta-CDN-window1,bytes,warm10,100000,800000,0.01,63230388600,lru,0.4583675,0.2243475419
meta-CDN-window1,bytes,warm10,100000,800000,0.01,63230388600,clock,0.46212375,0.2244352718
meta-CDN-window1,bytes,warm10,100000,800000,0.01,63230388600,sieve,0.46139625,0.2238250396
meta-CDN-window1,bytes,warm10,100000,800000,0.02,126460777200,fifo,0.4501625,0.2237159814
meta-CDN-window1,bytes,warm10,100000,800000,0.02,126460777200,lru,0.44342125,0.2209560166
meta-CDN-window1,bytes,warm10,100000,800000,0.02,126460777200,clock,0.44703625,0.2210014848
meta-CDN-window1,bytes,warm10,100000,800000,0.02,126460777200,sieve,0.4439325,0.2201933837
meta-CDN-window1,bytes,warm10,100000,800000,0.05,316151943000,fifo,0.42907,0.2163413233
meta-CDN-window1,bytes,warm10,100000,800000,0.05,316151943000,lru,0.4205025,0.2142834509
meta-CDN-window1,bytes,warm10,100000,800000,0.05,316151943000,clock,0.42433125,0.2141027232
meta-CDN-window1,bytes,warm10,100000,800000,0.05,316151943000,sieve,0.42368125,0.2141788394
meta-CDN-window1,bytes,warm10,100000,800000,0.1,632303886001,fifo,0.41354,0.2114026141
meta-CDN-window1,bytes,warm10,100000,800000,0.1,632303886001,lru,0.4054575,0.2092843084
meta-CDN-window1,bytes,warm10,100000,800000,0.1,632303886001,clock,0.40839125,0.2099419207
meta-CDN-window1,bytes,warm10,100000,800000,0.1,632303886001,sieve,0.40949,0.2106443291
meta-CDN-window1,bytes,warm10,100000,800000,0.2,1264607772002,fifo,0.39892,0.2082740891
meta-CDN-window1,bytes,warm10,100000,800000,0.2,1264607772002,lru,0.39193875,0.2061599176
meta-CDN-window1,bytes,warm10,100000,800000,0.2,1264607772002,clock,0.39461125,0.20654147
meta-CDN-window1,bytes,warm10,100000,800000,0.2,1264607772002,sieve,0.3968025,0.2067922891
meta-CDN-window1,bytes,warm10,100000,800000,0.4,2529215544004,fifo,0.38532875,0.2037008291
meta-CDN-window1,bytes,warm10,100000,800000,0.4,2529215544004,lru,0.380835,0.2022359431
meta-CDN-window1,bytes,warm10,100000,800000,0.4,2529215544004,clock,0.38317125,0.2029867854
meta-CDN-window1,bytes,warm10,100000,800000,0.4,2529215544004,sieve,0.38535,0.2033745118
meta-CDN-window1,bytes,warm20,200000,800000,0.001,6323038860,fifo,0.50627875,0.2638123861
meta-CDN-window1,bytes,warm20,200000,800000,0.001,6323038860,lru,0.5018525,0.25179164
meta-CDN-window1,bytes,warm20,200000,800000,0.001,6323038860,clock,0.50757,0.2584752228
meta-CDN-window1,bytes,warm20,200000,800000,0.001,6323038860,sieve,0.50460125,0.2501462391
meta-CDN-window1,bytes,warm20,200000,800000,0.005,31615194300,fifo,0.47737,0.2347744692
meta-CDN-window1,bytes,warm20,200000,800000,0.005,31615194300,lru,0.47204125,0.2275375804
meta-CDN-window1,bytes,warm20,200000,800000,0.005,31615194300,clock,0.47579,0.2281483514
meta-CDN-window1,bytes,warm20,200000,800000,0.005,31615194300,sieve,0.47409875,0.2264912785
meta-CDN-window1,bytes,warm20,200000,800000,0.01,63230388600,fifo,0.46420375,0.2281684114
meta-CDN-window1,bytes,warm20,200000,800000,0.01,63230388600,lru,0.4583675,0.2243475419
meta-CDN-window1,bytes,warm20,200000,800000,0.01,63230388600,clock,0.462135,0.2244353959
meta-CDN-window1,bytes,warm20,200000,800000,0.01,63230388600,sieve,0.461375,0.2238247545
meta-CDN-window1,bytes,warm20,200000,800000,0.02,126460777200,fifo,0.45015625,0.2237587856
meta-CDN-window1,bytes,warm20,200000,800000,0.02,126460777200,lru,0.44342125,0.2209560166
meta-CDN-window1,bytes,warm20,200000,800000,0.02,126460777200,clock,0.44704125,0.2210015185
meta-CDN-window1,bytes,warm20,200000,800000,0.02,126460777200,sieve,0.44376875,0.2200702025
meta-CDN-window1,bytes,warm20,200000,800000,0.05,316151943000,fifo,0.42909125,0.2162179701
meta-CDN-window1,bytes,warm20,200000,800000,0.05,316151943000,lru,0.42047125,0.2142823933
meta-CDN-window1,bytes,warm20,200000,800000,0.05,316151943000,clock,0.42435125,0.2142863423
meta-CDN-window1,bytes,warm20,200000,800000,0.05,316151943000,sieve,0.42344,0.2142128948
meta-CDN-window1,bytes,warm20,200000,800000,0.1,632303886001,fifo,0.4135875,0.2113787106
meta-CDN-window1,bytes,warm20,200000,800000,0.1,632303886001,lru,0.40540375,0.209275793
meta-CDN-window1,bytes,warm20,200000,800000,0.1,632303886001,clock,0.4085225,0.2101401872
meta-CDN-window1,bytes,warm20,200000,800000,0.1,632303886001,sieve,0.40922375,0.2106204622
meta-CDN-window1,bytes,warm20,200000,800000,0.2,1264607772002,fifo,0.39850875,0.2083152374
meta-CDN-window1,bytes,warm20,200000,800000,0.2,1264607772002,lru,0.39058,0.2060497685
meta-CDN-window1,bytes,warm20,200000,800000,0.2,1264607772002,clock,0.39391125,0.2062515445
meta-CDN-window1,bytes,warm20,200000,800000,0.2,1264607772002,sieve,0.39607875,0.2070705537
meta-CDN-window1,bytes,warm20,200000,800000,0.4,2529215544004,fifo,0.3829025,0.2025940774
meta-CDN-window1,bytes,warm20,200000,800000,0.4,2529215544004,lru,0.37743,0.2010355337
meta-CDN-window1,bytes,warm20,200000,800000,0.4,2529215544004,clock,0.380295,0.202323398
meta-CDN-window1,bytes,warm20,200000,800000,0.4,2529215544004,sieve,0.38371375,0.2021496934
meta-CDN-window2,objects,cold,0,800000,0.001,388,fifo,0.540365,0.540365
meta-CDN-window2,objects,cold,0,800000,0.001,388,lru,0.5309025,0.5309025
meta-CDN-window2,objects,cold,0,800000,0.001,388,clock,0.52978875,0.52978875
meta-CDN-window2,objects,cold,0,800000,0.001,388,sieve,0.53361875,0.53361875
meta-CDN-window2,objects,cold,0,800000,0.005,1941,fifo,0.50850375,0.50850375
meta-CDN-window2,objects,cold,0,800000,0.005,1941,lru,0.5025375,0.5025375
meta-CDN-window2,objects,cold,0,800000,0.005,1941,clock,0.50131,0.50131
meta-CDN-window2,objects,cold,0,800000,0.005,1941,sieve,0.49504375,0.49504375
meta-CDN-window2,objects,cold,0,800000,0.01,3882,fifo,0.49496875,0.49496875
meta-CDN-window2,objects,cold,0,800000,0.01,3882,lru,0.48844375,0.48844375
meta-CDN-window2,objects,cold,0,800000,0.01,3882,clock,0.4870775,0.4870775
meta-CDN-window2,objects,cold,0,800000,0.01,3882,sieve,0.47956125,0.47956125
meta-CDN-window2,objects,cold,0,800000,0.02,7765,fifo,0.4799725,0.4799725
meta-CDN-window2,objects,cold,0,800000,0.02,7765,lru,0.47261875,0.47261875
meta-CDN-window2,objects,cold,0,800000,0.02,7765,clock,0.4711775,0.4711775
meta-CDN-window2,objects,cold,0,800000,0.02,7765,sieve,0.46486375,0.46486375
meta-CDN-window2,objects,cold,0,800000,0.05,19414,fifo,0.4584925,0.4584925
meta-CDN-window2,objects,cold,0,800000,0.05,19414,lru,0.450715,0.450715
meta-CDN-window2,objects,cold,0,800000,0.05,19414,clock,0.44959375,0.44959375
meta-CDN-window2,objects,cold,0,800000,0.05,19414,sieve,0.44700375,0.44700375
meta-CDN-window2,objects,cold,0,800000,0.1,38828,fifo,0.4415975,0.4415975
meta-CDN-window2,objects,cold,0,800000,0.1,38828,lru,0.434245,0.434245
meta-CDN-window2,objects,cold,0,800000,0.1,38828,clock,0.4335025,0.4335025
meta-CDN-window2,objects,cold,0,800000,0.1,38828,sieve,0.43314125,0.43314125
meta-CDN-window2,objects,cold,0,800000,0.2,77657,fifo,0.42611125,0.42611125
meta-CDN-window2,objects,cold,0,800000,0.2,77657,lru,0.41966,0.41966
meta-CDN-window2,objects,cold,0,800000,0.2,77657,clock,0.41885125,0.41885125
meta-CDN-window2,objects,cold,0,800000,0.2,77657,sieve,0.41956875,0.41956875
meta-CDN-window2,objects,cold,0,800000,0.4,155315,fifo,0.41313,0.41313
meta-CDN-window2,objects,cold,0,800000,0.4,155315,lru,0.40868875,0.40868875
meta-CDN-window2,objects,cold,0,800000,0.4,155315,clock,0.4084825,0.4084825
meta-CDN-window2,objects,cold,0,800000,0.4,155315,sieve,0.40824875,0.40824875
meta-CDN-window2,objects,warm10,100000,800000,0.001,388,fifo,0.5403525,0.5403525
meta-CDN-window2,objects,warm10,100000,800000,0.001,388,lru,0.53088125,0.53088125
meta-CDN-window2,objects,warm10,100000,800000,0.001,388,clock,0.5297675,0.5297675
meta-CDN-window2,objects,warm10,100000,800000,0.001,388,sieve,0.5333875,0.5333875
meta-CDN-window2,objects,warm10,100000,800000,0.005,1941,fifo,0.50844625,0.50844625
meta-CDN-window2,objects,warm10,100000,800000,0.005,1941,lru,0.5024575,0.5024575
meta-CDN-window2,objects,warm10,100000,800000,0.005,1941,clock,0.50122375,0.50122375
meta-CDN-window2,objects,warm10,100000,800000,0.005,1941,sieve,0.49419125,0.49419125
meta-CDN-window2,objects,warm10,100000,800000,0.01,3882,fifo,0.4948375,0.4948375
meta-CDN-window2,objects,warm10,100000,800000,0.01,3882,lru,0.4882625,0.4882625
meta-CDN-window2,objects,warm10,100000,800000,0.01,3882,clock,0.4868625,0.4868625
meta-CDN-window2,objects,warm10,100000,800000,0.01,3882,sieve,0.47855375,0.47855375
meta-CDN-window2,objects,warm10,100000,800000,0.02,7765,fifo,0.47969625,0.47969625
meta-CDN-window2,objects,warm10,100000,800000,0.02,7765,lru,0.4722025,0.4722025
meta-CDN-window2,objects,warm10,100000,800000,0.02,7765,clock,0.47069875,0.47069875
meta-CDN-window2,objects,warm10,100000,800000,0.02,7765,sieve,0.4633175,0.4633175
meta-CDN-window2,objects,warm10,100000,800000,0.05,19414,fifo,0.45771,0.45771
meta-CDN-window2,objects,warm10,100000,800000,0.05,19414,lru,0.4495025,0.4495025
meta-CDN-window2,objects,warm10,100000,800000,0.05,19414,clock,0.44824375,0.44824375
meta-CDN-window2,objects,warm10,100000,800000,0.05,19414,sieve,0.44514125,0.44514125
meta-CDN-window2,objects,warm10,100000,800000,0.1,38828,fifo,0.44005875,0.44005875
meta-CDN-window2,objects,warm10,100000,800000,0.1,38828,lru,0.43183875,0.43183875
meta-CDN-window2,objects,warm10,100000,800000,0.1,38828,clock,0.4309625,0.4309625
meta-CDN-window2,objects,warm10,100000,800000,0.1,38828,sieve,0.4310675,0.4310675
meta-CDN-window2,objects,warm10,100000,800000,0.2,77657,fifo,0.4228725,0.4228725
meta-CDN-window2,objects,warm10,100000,800000,0.2,77657,lru,0.41547,0.41547
meta-CDN-window2,objects,warm10,100000,800000,0.2,77657,clock,0.4145375,0.4145375
meta-CDN-window2,objects,warm10,100000,800000,0.2,77657,sieve,0.41648875,0.41648875
meta-CDN-window2,objects,warm10,100000,800000,0.4,155315,fifo,0.40809625,0.40809625
meta-CDN-window2,objects,warm10,100000,800000,0.4,155315,lru,0.4025775,0.4025775
meta-CDN-window2,objects,warm10,100000,800000,0.4,155315,clock,0.4023525,0.4023525
meta-CDN-window2,objects,warm10,100000,800000,0.4,155315,sieve,0.401965,0.401965
meta-CDN-window2,objects,warm20,200000,800000,0.001,388,fifo,0.5403525,0.5403525
meta-CDN-window2,objects,warm20,200000,800000,0.001,388,lru,0.53088125,0.53088125
meta-CDN-window2,objects,warm20,200000,800000,0.001,388,clock,0.5297675,0.5297675
meta-CDN-window2,objects,warm20,200000,800000,0.001,388,sieve,0.5331575,0.5331575
meta-CDN-window2,objects,warm20,200000,800000,0.005,1941,fifo,0.50844625,0.50844625
meta-CDN-window2,objects,warm20,200000,800000,0.005,1941,lru,0.5024575,0.5024575
meta-CDN-window2,objects,warm20,200000,800000,0.005,1941,clock,0.501225,0.501225
meta-CDN-window2,objects,warm20,200000,800000,0.005,1941,sieve,0.4942825,0.4942825
meta-CDN-window2,objects,warm20,200000,800000,0.01,3882,fifo,0.494835,0.494835
meta-CDN-window2,objects,warm20,200000,800000,0.01,3882,lru,0.4882625,0.4882625
meta-CDN-window2,objects,warm20,200000,800000,0.01,3882,clock,0.48686125,0.48686125
meta-CDN-window2,objects,warm20,200000,800000,0.01,3882,sieve,0.47826875,0.47826875
meta-CDN-window2,objects,warm20,200000,800000,0.02,7765,fifo,0.47969125,0.47969125
meta-CDN-window2,objects,warm20,200000,800000,0.02,7765,lru,0.4722025,0.4722025
meta-CDN-window2,objects,warm20,200000,800000,0.02,7765,clock,0.47068125,0.47068125
meta-CDN-window2,objects,warm20,200000,800000,0.02,7765,sieve,0.46338875,0.46338875
meta-CDN-window2,objects,warm20,200000,800000,0.05,19414,fifo,0.457695,0.457695
meta-CDN-window2,objects,warm20,200000,800000,0.05,19414,lru,0.4495025,0.4495025
meta-CDN-window2,objects,warm20,200000,800000,0.05,19414,clock,0.44823125,0.44823125
meta-CDN-window2,objects,warm20,200000,800000,0.05,19414,sieve,0.44520875,0.44520875
meta-CDN-window2,objects,warm20,200000,800000,0.1,38828,fifo,0.44004375,0.44004375
meta-CDN-window2,objects,warm20,200000,800000,0.1,38828,lru,0.43183875,0.43183875
meta-CDN-window2,objects,warm20,200000,800000,0.1,38828,clock,0.43094125,0.43094125
meta-CDN-window2,objects,warm20,200000,800000,0.1,38828,sieve,0.43189875,0.43189875
meta-CDN-window2,objects,warm20,200000,800000,0.2,77657,fifo,0.42306625,0.42306625
meta-CDN-window2,objects,warm20,200000,800000,0.2,77657,lru,0.41487375,0.41487375
meta-CDN-window2,objects,warm20,200000,800000,0.2,77657,clock,0.41388875,0.41388875
meta-CDN-window2,objects,warm20,200000,800000,0.2,77657,sieve,0.4177975,0.4177975
meta-CDN-window2,objects,warm20,200000,800000,0.4,155315,fifo,0.40669,0.40669
meta-CDN-window2,objects,warm20,200000,800000,0.4,155315,lru,0.40047125,0.40047125
meta-CDN-window2,objects,warm20,200000,800000,0.4,155315,clock,0.40023125,0.40023125
meta-CDN-window2,objects,warm20,200000,800000,0.4,155315,sieve,0.3997175,0.3997175
meta-CDN-window2,bytes,cold,0,800000,0.001,6271753921,fifo,0.53306125,0.3663968339
meta-CDN-window2,bytes,cold,0,800000,0.001,6271753921,lru,0.52909,0.3473992419
meta-CDN-window2,bytes,cold,0,800000,0.001,6271753921,clock,0.53548125,0.3583708038
meta-CDN-window2,bytes,cold,0,800000,0.001,6271753921,sieve,0.53362125,0.3460915496
meta-CDN-window2,bytes,cold,0,800000,0.005,31358769605,fifo,0.50368875,0.3125654034
meta-CDN-window2,bytes,cold,0,800000,0.005,31358769605,lru,0.49891375,0.3000621146
meta-CDN-window2,bytes,cold,0,800000,0.005,31358769605,clock,0.50317,0.3013783545
meta-CDN-window2,bytes,cold,0,800000,0.005,31358769605,sieve,0.5030725,0.2994672587
meta-CDN-window2,bytes,cold,0,800000,0.01,62717539210,fifo,0.49007,0.3025574867
meta-CDN-window2,bytes,cold,0,800000,0.01,62717539210,lru,0.4841475,0.2959300972
meta-CDN-window2,bytes,cold,0,800000,0.01,62717539210,clock,0.48868125,0.296319712
meta-CDN-window2,bytes,cold,0,800000,0.01,62717539210,sieve,0.4870675,0.2960105597
meta-CDN-window2,bytes,cold,0,800000,0.02,125435078421,fifo,0.475065,0.2950073469
meta-CDN-window2,bytes,cold,0,800000,0.02,125435078421,lru,0.4677225,0.2907952043
meta-CDN-window2,bytes,cold,0,800000,0.02,125435078421,clock,0.47271625,0.2906881768
meta-CDN-window2,bytes,cold,0,800000,0.02,125435078421,sieve,0.47073375,0.2915444991
meta-CDN-window2,bytes,cold,0,800000,0.05,313587696054,fifo,0.45369375,0.2877228773
meta-CDN-window2,bytes,cold,0,800000,0.05,313587696054,lru,0.44611,0.2852067688
meta-CDN-window2,bytes,cold,0,800000,0.05,313587696054,clock,0.451405,0.2854007301
meta-CDN-window2,bytes,cold,0,800000,0.05,313587696054,sieve,0.45188625,0.285914729
meta-CDN-window2,bytes,cold,0,800000,0.1,627175392108,fifo,0.4373375,0.2815046744
meta-CDN-window2,bytes,cold,0,800000,0.1,627175392108,lru,0.430595,0.2799953054
meta-CDN-window2,bytes,cold,0,800000,0.1,627175392108,clock,0.43560125,0.2810211816
meta-CDN-window2,bytes,cold,0,800000,0.1,627175392108,sieve,0.43689125,0.2813991949
meta-CDN-window2,bytes,cold,0,800000,0.2,1254350784216,fifo,0.42328,0.2779953894
meta-CDN-window2,bytes,cold,0,800000,0.2,1254350784216,lru,0.41714375,0.2768908737
meta-CDN-window2,bytes,cold,0,800000,0.2,1254350784216,clock,0.42046375,0.2767481476
meta-CDN-window2,bytes,cold,0,800000,0.2,1254350784216,sieve,0.42381,0.2768729392
meta-CDN-window2,bytes,cold,0,800000,0.4,2508701568432,fifo,0.41101375,0.2744792586
meta-CDN-window2,bytes,cold,0,800000,0.4,2508701568432,lru,0.40703625,0.2738889288
meta-CDN-window2,bytes,cold,0,800000,0.4,2508701568432,clock,0.40949,0.2733922523
meta-CDN-window2,bytes,cold,0,800000,0.4,2508701568432,sieve,0.41187,0.2733351316
meta-CDN-window2,bytes,warm10,100000,800000,0.001,6271753921,fifo,0.53304875,0.3663964761
meta-CDN-window2,bytes,warm10,100000,800000,0.001,6271753921,lru,0.5290725,0.3473842467
meta-CDN-window2,bytes,warm10,100000,800000,0.001,6271753921,clock,0.5354625,0.3583558203
meta-CDN-window2,bytes,warm10,100000,800000,0.001,6271753921,sieve,0.53356875,0.3460061141
meta-CDN-window2,bytes,warm10,100000,800000,0.005,31358769605,fifo,0.50360375,0.3125622695
meta-CDN-window2,bytes,warm10,100000,800000,0.005,31358769605,lru,0.49880625,0.3000345459
meta-CDN-window2,bytes,warm10,100000,800000,0.005,31358769605,clock,0.5030725,0.3013568202
meta-CDN-window2,bytes,warm10,100000,800000,0.005,31358769605,sieve,0.50302125,0.2994425426
meta-CDN-window2,bytes,warm10,100000,800000,0.01,62717539210,fifo,0.48983875,0.3025139626
meta-CDN-window2,bytes,warm10,100000,800000,0.01,62717539210,lru,0.4838375,0.2958804267
meta-CDN-window2,bytes,warm10,100000,800000,0.01,62717539210,clock,0.48837125,0.296262808
meta-CDN-window2,bytes,warm10,100000,800000,0.01,62717539210,sieve,0.48652625,0.2959643025
meta-CDN-window2,bytes,warm10,100000,800000,0.02,125435078421,fifo,0.4745825,0.2949568916
meta-CDN-window2,bytes,warm10,100000,800000,0.02,125435078421,lru,0.46705125,0.2907172681
meta-CDN-window2,bytes,warm10,100000,800000,0.02,125435078421,clock,0.4721375,0.2905467654
meta-CDN-window2,bytes,warm10,100000,800000,0.02,125435078421,sieve,0.46983375,0.2913744981
meta-CDN-window2,bytes,warm10,100000,800000,0.05,313587696054,fifo,0.45265625,0.2872987819
meta-CDN-window2,bytes,warm10,100000,800000,0.05,313587696054,lru,0.44456875,0.2847430346
meta-CDN-window2,bytes,warm10,100000,800000,0.05,313587696054,clock,0.45003125,0.2852418909
meta-CDN-window2,bytes,warm10,100000,800000,0.05,313587696054,sieve,0.44952125,0.2859625796
meta-CDN-window2,bytes,warm10,100000,800000,0.1,627175392108,fifo,0.4354275,0.2805557467
meta-CDN-window2,bytes,warm10,100000,800000,0.1,627175392108,lru,0.42767625,0.2789004313
meta-CDN-window2,bytes,warm10,100000,800000,0.1,627175392108,clock,0.433085,0.2804563464
meta-CDN-window2,bytes,warm10,100000,800000,0.1,627175392108,sieve,0.4335675,0.2800098497
meta-CDN-window2,bytes,warm10,100000,800000,0.2,1254350784216,fifo,0.41961875,0.2767111619
meta-CDN-window2,bytes,warm10,100000,800000,0.2,1254350784216,lru,0.412495,0.2753966158
meta-CDN-window2,bytes,warm10,100000,800000,0.2,1254350784216,clock,0.41611,0.2759305583
meta-CDN-window2,bytes,warm10,100000,800000,0.2,1254350784216,sieve,0.4193025,0.2754216401
meta-CDN-window2,bytes,warm10,100000,800000,0.4,2508701568432,fifo,0.40533125,0.2726678201
meta-CDN-window2,bytes,warm10,100000,800000,0.4,2508701568432,lru,0.40041375,0.2717226897
meta-CDN-window2,bytes,warm10,100000,800000,0.4,2508701568432,clock,0.40341875,0.270958481
meta-CDN-window2,bytes,warm10,100000,800000,0.4,2508701568432,sieve,0.4064175,0.2714228657
meta-CDN-window2,bytes,warm20,200000,800000,0.001,6271753921,fifo,0.53304875,0.3663964761
meta-CDN-window2,bytes,warm20,200000,800000,0.001,6271753921,lru,0.5290725,0.3473842467
meta-CDN-window2,bytes,warm20,200000,800000,0.001,6271753921,clock,0.5354625,0.3583558203
meta-CDN-window2,bytes,warm20,200000,800000,0.001,6271753921,sieve,0.53356875,0.3460061141
meta-CDN-window2,bytes,warm20,200000,800000,0.005,31358769605,fifo,0.50360375,0.3125622695
meta-CDN-window2,bytes,warm20,200000,800000,0.005,31358769605,lru,0.49880625,0.3000345459
meta-CDN-window2,bytes,warm20,200000,800000,0.005,31358769605,clock,0.50307125,0.3013511549
meta-CDN-window2,bytes,warm20,200000,800000,0.005,31358769605,sieve,0.50302125,0.2994425426
meta-CDN-window2,bytes,warm20,200000,800000,0.01,62717539210,fifo,0.48984,0.3025139656
meta-CDN-window2,bytes,warm20,200000,800000,0.01,62717539210,lru,0.4838375,0.2958804267
meta-CDN-window2,bytes,warm20,200000,800000,0.01,62717539210,clock,0.488375,0.296262812
meta-CDN-window2,bytes,warm20,200000,800000,0.01,62717539210,sieve,0.48639,0.2954493431
meta-CDN-window2,bytes,warm20,200000,800000,0.02,125435078421,fifo,0.4745875,0.2949569327
meta-CDN-window2,bytes,warm20,200000,800000,0.02,125435078421,lru,0.46705125,0.2907172681
meta-CDN-window2,bytes,warm20,200000,800000,0.02,125435078421,clock,0.4721425,0.2905474655
meta-CDN-window2,bytes,warm20,200000,800000,0.02,125435078421,sieve,0.46976125,0.2916648397
meta-CDN-window2,bytes,warm20,200000,800000,0.05,313587696054,fifo,0.45264625,0.2872809037
meta-CDN-window2,bytes,warm20,200000,800000,0.05,313587696054,lru,0.44456875,0.2847430346
meta-CDN-window2,bytes,warm20,200000,800000,0.05,313587696054,clock,0.45000625,0.2852426582
meta-CDN-window2,bytes,warm20,200000,800000,0.05,313587696054,sieve,0.44899125,0.2853906696
meta-CDN-window2,bytes,warm20,200000,800000,0.1,627175392108,fifo,0.43538,0.280533948
meta-CDN-window2,bytes,warm20,200000,800000,0.1,627175392108,lru,0.42769,0.2789123555
meta-CDN-window2,bytes,warm20,200000,800000,0.1,627175392108,clock,0.43307875,0.280180562
meta-CDN-window2,bytes,warm20,200000,800000,0.1,627175392108,sieve,0.43428125,0.2809465148
meta-CDN-window2,bytes,warm20,200000,800000,0.2,1254350784216,fifo,0.41944625,0.2769483108
meta-CDN-window2,bytes,warm20,200000,800000,0.2,1254350784216,lru,0.411555,0.2753285022
meta-CDN-window2,bytes,warm20,200000,800000,0.2,1254350784216,clock,0.415605,0.2755560263
meta-CDN-window2,bytes,warm20,200000,800000,0.2,1254350784216,sieve,0.4178725,0.2756408504
meta-CDN-window2,bytes,warm20,200000,800000,0.4,2508701568432,fifo,0.40375875,0.2727879124
meta-CDN-window2,bytes,warm20,200000,800000,0.4,2508701568432,lru,0.39798625,0.2712968241
meta-CDN-window2,bytes,warm20,200000,800000,0.4,2508701568432,clock,0.40122625,0.2704740773
meta-CDN-window2,bytes,warm20,200000,800000,0.4,2508701568432,sieve,0.40509625,0.2704514758
meta-CDN-window3,objects,cold,0,800000,0.001,412,fifo,0.556695,0.556695
meta-CDN-window3,objects,cold,0,800000,0.001,412,lru,0.54709625,0.54709625
meta-CDN-window3,objects,cold,0,800000,0.001,412,clock,0.5457175,0.5457175
meta-CDN-window3,objects,cold,0,800000,0.001,412,sieve,0.54561,0.54561
meta-CDN-window3,objects,cold,0,800000,0.005,2063,fifo,0.52365125,0.52365125
meta-CDN-window3,objects,cold,0,800000,0.005,2063,lru,0.51665,0.51665
meta-CDN-window3,objects,cold,0,800000,0.005,2063,clock,0.51520625,0.51520625
meta-CDN-window3,objects,cold,0,800000,0.005,2063,sieve,0.50733875,0.50733875
meta-CDN-window3,objects,cold,0,800000,0.01,4126,fifo,0.50893875,0.50893875
meta-CDN-window3,objects,cold,0,800000,0.01,4126,lru,0.50166625,0.50166625
meta-CDN-window3,objects,cold,0,800000,0.01,4126,clock,0.49993625,0.49993625
meta-CDN-window3,objects,cold,0,800000,0.01,4126,sieve,0.49077,0.49077
meta-CDN-window3,objects,cold,0,800000,0.02,8252,fifo,0.49338375,0.49338375
meta-CDN-window3,objects,cold,0,800000,0.02,8252,lru,0.48521625,0.48521625
meta-CDN-window3,objects,cold,0,800000,0.02,8252,clock,0.48343125,0.48343125
meta-CDN-window3,objects,cold,0,800000,0.02,8252,sieve,0.47609375,0.47609375
meta-CDN-window3,objects,cold,0,800000,0.05,20631,fifo,0.4725775,0.4725775
meta-CDN-window3,objects,cold,0,800000,0.05,20631,lru,0.46371,0.46371
meta-CDN-window3,objects,cold,0,800000,0.05,20631,clock,0.46182125,0.46182125
meta-CDN-window3,objects,cold,0,800000,0.05,20631,sieve,0.45799875,0.45799875
meta-CDN-window3,objects,cold,0,800000,0.1,41263,fifo,0.45661,0.45661
meta-CDN-window3,objects,cold,0,800000,0.1,41263,lru,0.44823375,0.44823375
meta-CDN-window3,objects,cold,0,800000,0.1,41263,clock,0.44688375,0.44688375
meta-CDN-window3,objects,cold,0,800000,0.1,41263,sieve,0.4454975,0.4454975
meta-CDN-window3,objects,cold,0,800000,0.2,82527,fifo,0.441875,0.441875
meta-CDN-window3,objects,cold,0,800000,0.2,82527,lru,0.43489375,0.43489375
meta-CDN-window3,objects,cold,0,800000,0.2,82527,clock,0.43393375,0.43393375
meta-CDN-window3,objects,cold,0,800000,0.2,82527,sieve,0.43340875,0.43340875
meta-CDN-window3,objects,cold,0,800000,0.4,165055,fifo,0.42814125,0.42814125
meta-CDN-window3,objects,cold,0,800000,0.4,165055,lru,0.42362875,0.42362875
meta-CDN-window3,objects,cold,0,800000,0.4,165055,clock,0.42339375,0.42339375
meta-CDN-window3,objects,cold,0,800000,0.4,165055,sieve,0.4233,0.4233
meta-CDN-window3,objects,warm10,100000,800000,0.001,412,fifo,0.5566825,0.5566825
meta-CDN-window3,objects,warm10,100000,800000,0.001,412,lru,0.54707125,0.54707125
meta-CDN-window3,objects,warm10,100000,800000,0.001,412,clock,0.54569,0.54569
meta-CDN-window3,objects,warm10,100000,800000,0.001,412,sieve,0.5457775,0.5457775
meta-CDN-window3,objects,warm10,100000,800000,0.005,2063,fifo,0.5236025,0.5236025
meta-CDN-window3,objects,warm10,100000,800000,0.005,2063,lru,0.51656875,0.51656875
meta-CDN-window3,objects,warm10,100000,800000,0.005,2063,clock,0.51512875,0.51512875
meta-CDN-window3,objects,warm10,100000,800000,0.005,2063,sieve,0.506655,0.506655
meta-CDN-window3,objects,warm10,100000,800000,0.01,4126,fifo,0.50881875,0.50881875
meta-CDN-window3,objects,warm10,100000,800000,0.01,4126,lru,0.5014975,0.5014975
meta-CDN-window3,objects,warm10,100000,800000,0.01,4126,clock,0.4997625,0.4997625
meta-CDN-window3,objects,warm10,100000,800000,0.01,4126,sieve,0.48985,0.48985
meta-CDN-window3,objects,warm10,100000,800000,0.02,8252,fifo,0.49307375,0.49307375
meta-CDN-window3,objects,warm10,100000,800000,0.02,8252,lru,0.48479875,0.48479875
meta-CDN-window3,objects,warm10,100000,800000,0.02,8252,clock,0.48298875,0.48298875
meta-CDN-window3,objects,warm10,100000,800000,0.02,8252,sieve,0.4746875,0.4746875
meta-CDN-window3,objects,warm10,100000,800000,0.05,20631,fifo,0.47184,0.47184
meta-CDN-window3,objects,warm10,100000,800000,0.05,20631,lru,0.46253875,0.46253875
meta-CDN-window3,objects,warm10,100000,800000,0.05,20631,clock,0.46054,0.46054
meta-CDN-window3,objects,warm10,100000,800000,0.05,20631,sieve,0.45541,0.45541
meta-CDN-window3,objects,warm10,100000,800000,0.1,41263,fifo,0.45513375,0.45513375
meta-CDN-window3,objects,warm10,100000,800000,0.1,41263,lru,0.44583625,0.44583625
meta-CDN-window3,objects,warm10,100000,800000,0.1,41263,clock,0.4442075,0.4442075
meta-CDN-window3,objects,warm10,100000,800000,0.1,41263,sieve,0.442595,0.442595
meta-CDN-window3,objects,warm10,100000,800000,0.2,82527,fifo,0.43849125,0.43849125
meta-CDN-window3,objects,warm10,100000,800000,0.2,82527,lru,0.43044125,0.43044125
meta-CDN-window3,objects,warm10,100000,800000,0.2,82527,clock,0.4293325,0.4293325
meta-CDN-window3,objects,warm10,100000,800000,0.2,82527,sieve,0.42906,0.42906
meta-CDN-window3,objects,warm10,100000,800000,0.4,165055,fifo,0.42275,0.42275
meta-CDN-window3,objects,warm10,100000,800000,0.4,165055,lru,0.41699625,0.41699625
meta-CDN-window3,objects,warm10,100000,800000,0.4,165055,clock,0.41665625,0.41665625
meta-CDN-window3,objects,warm10,100000,800000,0.4,165055,sieve,0.4163925,0.4163925
meta-CDN-window3,objects,warm20,200000,800000,0.001,412,fifo,0.5566825,0.5566825
meta-CDN-window3,objects,warm20,200000,800000,0.001,412,lru,0.54707125,0.54707125
meta-CDN-window3,objects,warm20,200000,800000,0.001,412,clock,0.54569,0.54569
meta-CDN-window3,objects,warm20,200000,800000,0.001,412,sieve,0.54559125,0.54559125
meta-CDN-window3,objects,warm20,200000,800000,0.005,2063,fifo,0.5236025,0.5236025
meta-CDN-window3,objects,warm20,200000,800000,0.005,2063,lru,0.51656875,0.51656875
meta-CDN-window3,objects,warm20,200000,800000,0.005,2063,clock,0.5151275,0.5151275
meta-CDN-window3,objects,warm20,200000,800000,0.005,2063,sieve,0.50635625,0.50635625
meta-CDN-window3,objects,warm20,200000,800000,0.01,4126,fifo,0.50882125,0.50882125
meta-CDN-window3,objects,warm20,200000,800000,0.01,4126,lru,0.5014975,0.5014975
meta-CDN-window3,objects,warm20,200000,800000,0.01,4126,clock,0.49976,0.49976
meta-CDN-window3,objects,warm20,200000,800000,0.01,4126,sieve,0.489715,0.489715
meta-CDN-window3,objects,warm20,200000,800000,0.02,8252,fifo,0.4930775,0.4930775
meta-CDN-window3,objects,warm20,200000,800000,0.02,8252,lru,0.48479875,0.48479875
meta-CDN-window3,objects,warm20,200000,800000,0.02,8252,clock,0.48298125,0.48298125
meta-CDN-window3,objects,warm20,200000,800000,0.02,8252,sieve,0.47435,0.47435
meta-CDN-window3,objects,warm20,200000,800000,0.05,20631,fifo,0.47181875,0.47181875
meta-CDN-window3,objects,warm20,200000,800000,0.05,20631,lru,0.46253875,0.46253875
meta-CDN-window3,objects,warm20,200000,800000,0.05,20631,clock,0.46052125,0.46052125
meta-CDN-window3,objects,warm20,200000,800000,0.05,20631,sieve,0.45517875,0.45517875
meta-CDN-window3,objects,warm20,200000,800000,0.1,41263,fifo,0.45510875,0.45510875
meta-CDN-window3,objects,warm20,200000,800000,0.1,41263,lru,0.44583625,0.44583625
meta-CDN-window3,objects,warm20,200000,800000,0.1,41263,clock,0.44416125,0.44416125
meta-CDN-window3,objects,warm20,200000,800000,0.1,41263,sieve,0.44221375,0.44221375
meta-CDN-window3,objects,warm20,200000,800000,0.2,82527,fifo,0.43882125,0.43882125
meta-CDN-window3,objects,warm20,200000,800000,0.2,82527,lru,0.42984125,0.42984125
meta-CDN-window3,objects,warm20,200000,800000,0.2,82527,clock,0.42856875,0.42856875
meta-CDN-window3,objects,warm20,200000,800000,0.2,82527,sieve,0.428775,0.428775
meta-CDN-window3,objects,warm20,200000,800000,0.4,165055,fifo,0.4209975,0.4209975
meta-CDN-window3,objects,warm20,200000,800000,0.4,165055,lru,0.41425375,0.41425375
meta-CDN-window3,objects,warm20,200000,800000,0.4,165055,clock,0.41373375,0.41373375
meta-CDN-window3,objects,warm20,200000,800000,0.4,165055,sieve,0.41326,0.41326
meta-CDN-window3,bytes,cold,0,800000,0.001,7401067930,fifo,0.54946375,0.2689556943
meta-CDN-window3,bytes,cold,0,800000,0.001,7401067930,lru,0.54506875,0.2610762738
meta-CDN-window3,bytes,cold,0,800000,0.001,7401067930,clock,0.55186625,0.2666125006
meta-CDN-window3,bytes,cold,0,800000,0.001,7401067930,sieve,0.54838,0.2597543939
meta-CDN-window3,bytes,cold,0,800000,0.005,37005339650,fifo,0.51865,0.2349928043
meta-CDN-window3,bytes,cold,0,800000,0.005,37005339650,lru,0.51288125,0.2281959719
meta-CDN-window3,bytes,cold,0,800000,0.005,37005339650,clock,0.5169325,0.2286862515
meta-CDN-window3,bytes,cold,0,800000,0.005,37005339650,sieve,0.51619,0.2282397205
meta-CDN-window3,bytes,cold,0,800000,0.01,74010679300,fifo,0.503895,0.228412173
meta-CDN-window3,bytes,cold,0,800000,0.01,74010679300,lru,0.49696125,0.2238042756
meta-CDN-window3,bytes,cold,0,800000,0.01,74010679300,clock,0.50158375,0.2243382575
meta-CDN-window3,bytes,cold,0,800000,0.01,74010679300,sieve,0.49925,0.2237803124
meta-CDN-window3,bytes,cold,0,800000,0.02,148021358600,fifo,0.4884425,0.2229615313
meta-CDN-window3,bytes,cold,0,800000,0.02,148021358600,lru,0.4805275,0.2206155916
meta-CDN-window3,bytes,cold,0,800000,0.02,148021358600,clock,0.4849175,0.2207922284
meta-CDN-window3,bytes,cold,0,800000,0.02,148021358600,sieve,0.48246375,0.2209788747
meta-CDN-window3,bytes,cold,0,800000,0.05,370053396500,fifo,0.4678325,0.2164515817
meta-CDN-window3,bytes,cold,0,800000,0.05,370053396500,lru,0.45934625,0.2153034104
meta-CDN-window3,bytes,cold,0,800000,0.05,370053396500,clock,0.46329625,0.2150813166
meta-CDN-window3,bytes,cold,0,800000,0.05,370053396500,sieve,0.4624725,0.2152982892
meta-CDN-window3,bytes,cold,0,800000,0.1,740106793000,fifo,0.45238375,0.2116406036
meta-CDN-window3,bytes,cold,0,800000,0.1,740106793000,lru,0.44466875,0.2107751922
meta-CDN-window3,bytes,cold,0,800000,0.1,740106793000,clock,0.4482525,0.2115464472
meta-CDN-window3,bytes,cold,0,800000,0.1,740106793000,sieve,0.4493,0.2114608776
meta-CDN-window3,bytes,cold,0,800000,0.2,1480213586000,fifo,0.4384825,0.2090571644
meta-CDN-window3,bytes,cold,0,800000,0.2,1480213586000,lru,0.4321475,0.2077840437
meta-CDN-window3,bytes,cold,0,800000,0.2,1480213586000,clock,0.43543125,0.2075911696
meta-CDN-window3,bytes,cold,0,800000,0.2,1480213586000,sieve,0.43676875,0.2078027026
meta-CDN-window3,bytes,cold,0,800000,0.4,2960427172001,fifo,0.42574625,0.2028694371
meta-CDN-window3,bytes,cold,0,800000,0.4,2960427172001,lru,0.4219925,0.2021607514
meta-CDN-window3,bytes,cold,0,800000,0.4,2960427172001,clock,0.4245075,0.2042068762
meta-CDN-window3,bytes,cold,0,800000,0.4,2960427172001,sieve,0.4256175,0.2043695839
meta-CDN-window3,bytes,warm10,100000,800000,0.001,7401067930,fifo,0.54943,0.2689517392
meta-CDN-window3,bytes,warm10,100000,800000,0.001,7401067930,lru,0.54503125,0.2610719019
meta-CDN-window3,bytes,warm10,100000,800000,0.001,7401067930,clock,0.5518675,0.2666125373
meta-CDN-window3,bytes,warm10,100000,800000,0.001,7401067930,sieve,0.5483775,0.2597525559
meta-CDN-window3,bytes,warm10,100000,800000,0.005,37005339650,fifo,0.51857625,0.2349875645
meta-CDN-window3,bytes,warm10,100000,800000,0.005,37005339650,lru,0.51277875,0.2281885337
meta-CDN-window3,bytes,warm10,100000,800000,0.005,37005339650,clock,0.51687,0.2286791875
meta-CDN-window3,bytes,warm10,100000,800000,0.005,37005339650,sieve,0.51584875,0.2278654693
meta-CDN-window3,bytes,warm10,100000,800000,0.01,74010679300,fifo,0.50374125,0.228407488
meta-CDN-window3,bytes,warm10,100000,800000,0.01,74010679300,lru,0.496745,0.2237933036
meta-CDN-window3,bytes,warm10,100000,800000,0.01,74010679300,clock,0.5014525,0.2243306393
meta-CDN-window3,bytes,warm10,100000,800000,0.01,74010679300,sieve,0.49898625,0.2237708673
meta-CDN-window3,bytes,warm10,100000,800000,0.02,148021358600,fifo,0.488085,0.2229469572
meta-CDN-window3,bytes,warm10,100000,800000,0.02,148021358600,lru,0.4799975,0.2205953441
meta-CDN-window3,bytes,warm10,100000,800000,0.02,148021358600,clock,0.48454625,0.2207773928
meta-CDN-window3,bytes,warm10,100000,800000,0.02,148021358600,sieve,0.48198375,0.2200530452
meta-CDN-window3,bytes,warm10,100000,800000,0.05,370053396500,fifo,0.4669475,0.2162404629
meta-CDN-window3,bytes,warm10,100000,800000,0.05,370053396500,lru,0.45795625,0.2150295977
meta-CDN-window3,bytes,warm10,100000,800000,0.05,370053396500,clock,0.46233375,0.2148942194
meta-CDN-window3,bytes,warm10,100000,800000,0.05,370053396500,sieve,0.46085,0.2150026807
meta-CDN-window3,bytes,warm10,100000,800000,0.1,740106793000,fifo,0.45057875,0.2115465669
meta-CDN-window3,bytes,warm10,100000,800000,0.1,740106793000,lru,0.4417025,0.2102633261
meta-CDN-window3,bytes,warm10,100000,800000,0.1,740106793000,clock,0.44594625,0.2111540523
meta-CDN-window3,bytes,warm10,100000,800000,0.1,740106793000,sieve,0.44581375,0.2119880882
meta-CDN-window3,bytes,warm10,100000,800000,0.2,1480213586000,fifo,0.43439625,0.2083194807
meta-CDN-window3,bytes,warm10,100000,800000,0.2,1480213586000,lru,0.42701625,0.2068333813
meta-CDN-window3,bytes,warm10,100000,800000,0.2,1480213586000,clock,0.43096625,0.2064636892
meta-CDN-window3,bytes,warm10,100000,800000,0.2,1480213586000,sieve,0.43292125,0.2076005607
meta-CDN-window3,bytes,warm10,100000,800000,0.4,2960427172001,fifo,0.419145,0.2011882527
meta-CDN-window3,bytes,warm10,100000,800000,0.4,2960427172001,lru,0.41466875,0.1999505488
meta-CDN-window3,bytes,warm10,100000,800000,0.4,2960427172001,clock,0.41807875,0.2021809247
meta-CDN-window3,bytes,warm10,100000,800000,0.4,2960427172001,sieve,0.4205375,0.2027850327
meta-CDN-window3,bytes,warm20,200000,800000,0.001,7401067930,fifo,0.54943,0.2689517392
meta-CDN-window3,bytes,warm20,200000,800000,0.001,7401067930,lru,0.54503125,0.2610719019
meta-CDN-window3,bytes,warm20,200000,800000,0.001,7401067930,clock,0.5518675,0.2666125373
meta-CDN-window3,bytes,warm20,200000,800000,0.001,7401067930,sieve,0.5483775,0.2597525559
meta-CDN-window3,bytes,warm20,200000,800000,0.005,37005339650,fifo,0.51857625,0.2349875645
meta-CDN-window3,bytes,warm20,200000,800000,0.005,37005339650,lru,0.51277875,0.2281885337
meta-CDN-window3,bytes,warm20,200000,800000,0.005,37005339650,clock,0.51687125,0.2286791882
meta-CDN-window3,bytes,warm20,200000,800000,0.005,37005339650,sieve,0.51616375,0.2280847592
meta-CDN-window3,bytes,warm20,200000,800000,0.01,74010679300,fifo,0.50374125,0.228407488
meta-CDN-window3,bytes,warm20,200000,800000,0.01,74010679300,lru,0.496745,0.2237933036
meta-CDN-window3,bytes,warm20,200000,800000,0.01,74010679300,clock,0.50145125,0.2243306406
meta-CDN-window3,bytes,warm20,200000,800000,0.01,74010679300,sieve,0.49894625,0.2237682308
meta-CDN-window3,bytes,warm20,200000,800000,0.02,148021358600,fifo,0.48808625,0.2229484765
meta-CDN-window3,bytes,warm20,200000,800000,0.02,148021358600,lru,0.4799975,0.2205953441
meta-CDN-window3,bytes,warm20,200000,800000,0.02,148021358600,clock,0.4845475,0.2207747834
meta-CDN-window3,bytes,warm20,200000,800000,0.02,148021358600,sieve,0.48200375,0.2207293469
meta-CDN-window3,bytes,warm20,200000,800000,0.05,370053396500,fifo,0.46693125,0.2162359667
meta-CDN-window3,bytes,warm20,200000,800000,0.05,370053396500,lru,0.45797125,0.2150296894
meta-CDN-window3,bytes,warm20,200000,800000,0.05,370053396500,clock,0.462345,0.2149029345
meta-CDN-window3,bytes,warm20,200000,800000,0.05,370053396500,sieve,0.4606875,0.2144899996
meta-CDN-window3,bytes,warm20,200000,800000,0.1,740106793000,fifo,0.45052875,0.2115552269
meta-CDN-window3,bytes,warm20,200000,800000,0.1,740106793000,lru,0.44171375,0.2102638003
meta-CDN-window3,bytes,warm20,200000,800000,0.1,740106793000,clock,0.4459575,0.2113231998
meta-CDN-window3,bytes,warm20,200000,800000,0.1,740106793000,sieve,0.4463,0.2112491064
meta-CDN-window3,bytes,warm20,200000,800000,0.2,1480213586000,fifo,0.434445,0.2081244828
meta-CDN-window3,bytes,warm20,200000,800000,0.2,1480213586000,lru,0.4259975,0.2065536359
meta-CDN-window3,bytes,warm20,200000,800000,0.2,1480213586000,clock,0.4307075,0.2065251249
meta-CDN-window3,bytes,warm20,200000,800000,0.2,1480213586000,sieve,0.4327425,0.2077793973
meta-CDN-window3,bytes,warm20,200000,800000,0.4,2960427172001,fifo,0.41697875,0.2008908967
meta-CDN-window3,bytes,warm20,200000,800000,0.4,2960427172001,lru,0.4113425,0.199361888
meta-CDN-window3,bytes,warm20,200000,800000,0.4,2960427172001,clock,0.41529375,0.2020990399
meta-CDN-window3,bytes,warm20,200000,800000,0.4,2960427172001,sieve,0.4192075,0.2027673087
